,cancerType
1,ACC
2,ACC
3,ACC
4,ACC
5,ACC
6,ACC
7,ACC
8,ACC
9,ACC
10,ACC
11,ACC
12,ACC
13,ACC
14,ACC
15,ACC
16,ACC
17,ACC
18,ACC
19,ACC
20,ACC
21,ACC
22,ACC
23,ACC
24,ACC
25,ACC
26,ACC
27,ACC
28,ACC
29,ACC
30,ACC
31,ACC
32,ACC
33,ACC
34,ACC
35,ACC
36,ACC
37,ACC
38,ACC
39,ACC
40,ACC
41,ACC
42,ACC
43,ACC
44,ACC
45,ACC
46,ACC
47,ACC
48,ACC
49,ACC
50,ACC
51,ACC
52,ACC
53,ACC
54,ACC
55,ACC
56,ACC
57,ACC
58,ACC
59,ACC
60,ACC
61,ACC
62,ACC
63,ACC
64,ACC
65,ACC
66,ACC
67,ACC
68,ACC
69,ACC
70,ACC
71,ACC
72,ACC
73,ACC
74,ACC
75,ACC
76,ACC
77,ACC
78,ACC
79,ACC
80,BLCA
81,BLCA
82,BLCA
83,BLCA
84,BLCA
85,BLCA
86,BLCA
87,BLCA
88,BLCA
89,BLCA
90,BLCA
91,BLCA
92,BLCA
93,BLCA
94,BLCA
95,BLCA
96,BLCA
97,BLCA
98,BLCA
99,BLCA
100,BLCA
101,BLCA
102,BLCA
103,BLCA
104,BLCA
105,BLCA
106,BLCA
107,BLCA
108,BLCA
109,BLCA
110,BLCA
111,BLCA
112,BLCA
113,BLCA
114,BLCA
115,BLCA
116,BLCA
117,BLCA
118,BLCA
119,BLCA
120,BLCA
121,BLCA
122,BLCA
123,BLCA
124,BLCA
125,BLCA
126,BLCA
127,BLCA
128,BLCA
129,BLCA
130,BLCA
131,BLCA
132,BLCA
133,BLCA
134,BLCA
135,BLCA
136,BLCA
137,BLCA
138,BLCA
139,BLCA
140,BLCA
141,BLCA
142,BLCA
143,BLCA
144,BLCA
145,BLCA
146,BLCA
147,BLCA
148,BLCA
149,BLCA
150,BLCA
151,BLCA
152,BLCA
153,BLCA
154,BLCA
155,BLCA
156,BLCA
157,BLCA
158,BLCA
159,BLCA
160,BLCA
161,BLCA
162,BLCA
163,BLCA
164,BLCA
165,BLCA
166,BLCA
167,BLCA
168,BLCA
169,BLCA
170,BLCA
171,BLCA
172,BLCA
173,BLCA
174,BLCA
175,BLCA
176,BLCA
177,BLCA
178,BLCA
179,BLCA
180,BLCA
181,BLCA
182,BLCA
183,BLCA
184,BLCA
185,BLCA
186,BLCA
187,BLCA
188,BLCA
189,BLCA
190,BLCA
191,BLCA
192,BLCA
193,BLCA
194,BLCA
195,BLCA
196,BLCA
197,BLCA
198,BLCA
199,BLCA
200,BLCA
201,BLCA
202,BLCA
203,BLCA
204,BLCA
205,BLCA
206,BLCA
207,BLCA
208,BLCA
209,BLCA
210,BLCA
211,BLCA
212,BLCA
213,BLCA
214,BLCA
215,BLCA
216,BLCA
217,BLCA
218,BLCA
219,BLCA
220,BLCA
221,BLCA
222,BLCA
223,BLCA
224,BLCA
225,BLCA
226,BLCA
227,BLCA
228,BLCA
229,BLCA
230,BLCA
231,BLCA
232,BLCA
233,BLCA
234,BLCA
235,BLCA
236,BLCA
237,BLCA
238,BLCA
239,BLCA
240,BLCA
241,BLCA
242,BLCA
243,BLCA
244,BLCA
245,BLCA
246,BLCA
247,BLCA
248,BLCA
249,BLCA
250,BLCA
251,BLCA
252,BLCA
253,BLCA
254,BLCA
255,BLCA
256,BLCA
257,BLCA
258,BLCA
259,BLCA
260,BLCA
261,BLCA
262,BLCA
263,BLCA
264,BLCA
265,BLCA
266,BLCA
267,BLCA
268,BLCA
269,BLCA
270,BLCA
271,BLCA
272,BLCA
273,BLCA
274,BLCA
275,BLCA
276,BLCA
277,BLCA
278,BLCA
279,BLCA
280,BLCA
281,BLCA
282,BLCA
283,BLCA
284,BLCA
285,BLCA
286,BLCA
287,BLCA
288,BLCA
289,BLCA
290,BLCA
291,BLCA
292,BLCA
293,BLCA
294,BLCA
295,BLCA
296,BLCA
297,BLCA
298,BLCA
299,BLCA
300,BLCA
301,BLCA
302,BLCA
303,BLCA
304,BLCA
305,BLCA
306,BLCA
307,BLCA
308,BLCA
309,BLCA
310,BLCA
311,BLCA
312,BLCA
313,BLCA
314,BLCA
315,BLCA
316,BLCA
317,BLCA
318,BLCA
319,BLCA
320,BLCA
321,BLCA
322,BLCA
323,BLCA
324,BLCA
325,BLCA
326,BLCA
327,BLCA
328,BLCA
329,BLCA
330,BLCA
331,BLCA
332,BLCA
333,BLCA
334,BLCA
335,BLCA
336,BLCA
337,BLCA
338,BLCA
339,BLCA
340,BLCA
341,BLCA
342,BLCA
343,BLCA
344,BLCA
345,BLCA
346,BLCA
347,BLCA
348,BLCA
349,BLCA
350,BLCA
351,BLCA
352,BLCA
353,BLCA
354,BLCA
355,BLCA
356,BLCA
357,BLCA
358,BLCA
359,BLCA
360,BLCA
361,BLCA
362,BLCA
363,BLCA
364,BLCA
365,BLCA
366,BLCA
367,BLCA
368,BLCA
369,BLCA
370,BLCA
371,BLCA
372,BLCA
373,BLCA
374,BLCA
375,BLCA
376,BLCA
377,BLCA
378,BLCA
379,BLCA
380,BLCA
381,BLCA
382,BLCA
383,BLCA
384,BLCA
385,BLCA
386,BLCA
387,BLCA
388,BLCA
389,BLCA
390,BLCA
391,BLCA
392,BLCA
393,BLCA
394,BLCA
395,BLCA
396,BLCA
397,BLCA
398,BLCA
399,BLCA
400,BLCA
401,BLCA
402,BLCA
403,BLCA
404,BLCA
405,BLCA
406,BLCA
407,BLCA
408,BLCA
409,BLCA
410,BLCA
411,BLCA
412,BLCA
413,BLCA
414,BLCA
415,BLCA
416,BLCA
417,BLCA
418,BLCA
419,BLCA
420,BLCA
421,BLCA
422,BLCA
423,BLCA
424,BLCA
425,BLCA
426,BLCA
427,BLCA
428,BLCA
429,BLCA
430,BLCA
431,BLCA
432,BLCA
433,BLCA
434,BLCA
435,BLCA
436,BLCA
437,BLCA
438,BLCA
439,BLCA
440,BLCA
441,BLCA
442,BLCA
443,BLCA
444,BLCA
445,BLCA
446,BLCA
447,BLCA
448,BLCA
449,BLCA
450,BLCA
451,BLCA
452,BLCA
453,BLCA
454,BLCA
455,BLCA
456,BLCA
457,BLCA
458,BLCA
459,BLCA
460,BLCA
461,BLCA
462,BLCA
463,BLCA
464,BLCA
465,BLCA
466,BLCA
467,BLCA
468,BLCA
469,BLCA
470,BLCA
471,BLCA
472,BLCA
473,BLCA
474,BLCA
475,BLCA
476,BLCA
477,BLCA
478,BLCA
479,BLCA
480,BLCA
481,BLCA
482,BLCA
483,BLCA
484,BLCA
485,BLCA
486,BLCA
487,BLCA
488,BLCA
489,BLCA
490,BLCA
491,BLCA
492,BLCA
493,BLCA
494,BLCA
495,BLCA
496,BLCA
497,BLCA
498,BLCA
499,BLCA
500,BLCA
501,BLCA
502,BLCA
503,BLCA
504,BRCA
505,BRCA
506,BRCA
507,BRCA
508,BRCA
509,BRCA
510,BRCA
511,BRCA
512,BRCA
513,BRCA
514,BRCA
515,BRCA
516,BRCA
517,BRCA
518,BRCA
519,BRCA
520,BRCA
521,BRCA
522,BRCA
523,BRCA
524,BRCA
525,BRCA
526,BRCA
527,BRCA
528,BRCA
529,BRCA
530,BRCA
531,BRCA
532,BRCA
533,BRCA
534,BRCA
535,BRCA
536,BRCA
537,BRCA
538,BRCA
539,BRCA
540,BRCA
541,BRCA
542,BRCA
543,BRCA
544,BRCA
545,BRCA
546,BRCA
547,BRCA
548,BRCA
549,BRCA
550,BRCA
551,BRCA
552,BRCA
553,BRCA
554,BRCA
555,BRCA
556,BRCA
557,BRCA
558,BRCA
559,BRCA
560,BRCA
561,BRCA
562,BRCA
563,BRCA
564,BRCA
565,BRCA
566,BRCA
567,BRCA
568,BRCA
569,BRCA
570,BRCA
571,BRCA
572,BRCA
573,BRCA
574,BRCA
575,BRCA
576,BRCA
577,BRCA
578,BRCA
579,BRCA
580,BRCA
581,BRCA
582,BRCA
583,BRCA
584,BRCA
585,BRCA
586,BRCA
587,BRCA
588,BRCA
589,BRCA
590,BRCA
591,BRCA
592,BRCA
593,BRCA
594,BRCA
595,BRCA
596,BRCA
597,BRCA
598,BRCA
599,BRCA
600,BRCA
601,BRCA
602,BRCA
603,BRCA
604,BRCA
605,BRCA
606,BRCA
607,BRCA
608,BRCA
609,BRCA
610,BRCA
611,BRCA
612,BRCA
613,BRCA
614,BRCA
615,BRCA
616,BRCA
617,BRCA
618,BRCA
619,BRCA
620,BRCA
621,BRCA
622,BRCA
623,BRCA
624,BRCA
625,BRCA
626,BRCA
627,BRCA
628,BRCA
629,BRCA
630,BRCA
631,BRCA
632,BRCA
633,BRCA
634,BRCA
635,BRCA
636,BRCA
637,BRCA
638,BRCA
639,BRCA
640,BRCA
641,BRCA
642,BRCA
643,BRCA
644,BRCA
645,BRCA
646,BRCA
647,BRCA
648,BRCA
649,BRCA
650,BRCA
651,BRCA
652,BRCA
653,BRCA
654,BRCA
655,BRCA
656,BRCA
657,BRCA
658,BRCA
659,BRCA
660,BRCA
661,BRCA
662,BRCA
663,BRCA
664,BRCA
665,BRCA
666,BRCA
667,BRCA
668,BRCA
669,BRCA
670,BRCA
671,BRCA
672,BRCA
673,BRCA
674,BRCA
675,BRCA
676,BRCA
677,BRCA
678,BRCA
679,BRCA
680,BRCA
681,BRCA
682,BRCA
683,BRCA
684,BRCA
685,BRCA
686,BRCA
687,BRCA
688,BRCA
689,BRCA
690,BRCA
691,BRCA
692,BRCA
693,BRCA
694,BRCA
695,BRCA
696,BRCA
697,BRCA
698,BRCA
699,BRCA
700,BRCA
701,BRCA
702,BRCA
703,BRCA
704,BRCA
705,BRCA
706,BRCA
707,BRCA
708,BRCA
709,BRCA
710,BRCA
711,BRCA
712,BRCA
713,BRCA
714,BRCA
715,BRCA
716,BRCA
717,BRCA
718,BRCA
719,BRCA
720,BRCA
721,BRCA
722,BRCA
723,BRCA
724,BRCA
725,BRCA
726,BRCA
727,BRCA
728,BRCA
729,BRCA
730,BRCA
731,BRCA
732,BRCA
733,BRCA
734,BRCA
735,BRCA
736,BRCA
737,BRCA
738,BRCA
739,BRCA
740,BRCA
741,BRCA
742,BRCA
743,BRCA
744,BRCA
745,BRCA
746,BRCA
747,BRCA
748,BRCA
749,BRCA
750,BRCA
751,BRCA
752,BRCA
753,BRCA
754,BRCA
755,BRCA
756,BRCA
757,BRCA
758,BRCA
759,BRCA
760,BRCA
761,BRCA
762,BRCA
763,BRCA
764,BRCA
765,BRCA
766,BRCA
767,BRCA
768,BRCA
769,BRCA
770,BRCA
771,BRCA
772,BRCA
773,BRCA
774,BRCA
775,BRCA
776,BRCA
777,BRCA
778,BRCA
779,BRCA
780,BRCA
781,BRCA
782,BRCA
783,BRCA
784,BRCA
785,BRCA
786,BRCA
787,BRCA
788,BRCA
789,BRCA
790,BRCA
791,BRCA
792,BRCA
793,BRCA
794,BRCA
795,BRCA
796,BRCA
797,BRCA
798,BRCA
799,BRCA
800,BRCA
801,BRCA
802,BRCA
803,BRCA
804,BRCA
805,BRCA
806,BRCA
807,BRCA
808,BRCA
809,BRCA
810,BRCA
811,BRCA
812,BRCA
813,BRCA
814,BRCA
815,BRCA
816,BRCA
817,BRCA
818,BRCA
819,BRCA
820,BRCA
821,BRCA
822,BRCA
823,BRCA
824,BRCA
825,BRCA
826,BRCA
827,BRCA
828,BRCA
829,BRCA
830,BRCA
831,BRCA
832,BRCA
833,BRCA
834,BRCA
835,BRCA
836,BRCA
837,BRCA
838,BRCA
839,BRCA
840,BRCA
841,BRCA
842,BRCA
843,BRCA
844,BRCA
845,BRCA
846,BRCA
847,BRCA
848,BRCA
849,BRCA
850,BRCA
851,BRCA
852,BRCA
853,BRCA
854,BRCA
855,BRCA
856,BRCA
857,BRCA
858,BRCA
859,BRCA
860,BRCA
861,BRCA
862,BRCA
863,BRCA
864,BRCA
865,BRCA
866,BRCA
867,BRCA
868,BRCA
869,BRCA
870,BRCA
871,BRCA
872,BRCA
873,BRCA
874,BRCA
875,BRCA
876,BRCA
877,BRCA
878,BRCA
879,BRCA
880,BRCA
881,BRCA
882,BRCA
883,BRCA
884,BRCA
885,BRCA
886,BRCA
887,BRCA
888,BRCA
889,BRCA
890,BRCA
891,BRCA
892,BRCA
893,BRCA
894,BRCA
895,BRCA
896,BRCA
897,BRCA
898,BRCA
899,BRCA
900,BRCA
901,BRCA
902,BRCA
903,BRCA
904,BRCA
905,BRCA
906,BRCA
907,BRCA
908,BRCA
909,BRCA
910,BRCA
911,BRCA
912,BRCA
913,BRCA
914,BRCA
915,BRCA
916,BRCA
917,BRCA
918,BRCA
919,BRCA
920,BRCA
921,BRCA
922,BRCA
923,BRCA
924,BRCA
925,BRCA
926,BRCA
927,BRCA
928,BRCA
929,BRCA
930,BRCA
931,BRCA
932,BRCA
933,BRCA
934,BRCA
935,BRCA
936,BRCA
937,BRCA
938,BRCA
939,BRCA
940,BRCA
941,BRCA
942,BRCA
943,BRCA
944,BRCA
945,BRCA
946,BRCA
947,BRCA
948,BRCA
949,BRCA
950,BRCA
951,BRCA
952,BRCA
953,BRCA
954,BRCA
955,BRCA
956,BRCA
957,BRCA
958,BRCA
959,BRCA
960,BRCA
961,BRCA
962,BRCA
963,BRCA
964,BRCA
965,BRCA
966,BRCA
967,BRCA
968,BRCA
969,BRCA
970,BRCA
971,BRCA
972,BRCA
973,BRCA
974,BRCA
975,BRCA
976,BRCA
977,BRCA
978,BRCA
979,BRCA
980,BRCA
981,BRCA
982,BRCA
983,BRCA
984,BRCA
985,BRCA
986,BRCA
987,BRCA
988,BRCA
989,BRCA
990,BRCA
991,BRCA
992,BRCA
993,BRCA
994,BRCA
995,BRCA
996,BRCA
997,BRCA
998,BRCA
999,BRCA
1000,BRCA
1001,BRCA
1002,BRCA
1003,BRCA
1004,BRCA
1005,BRCA
1006,BRCA
1007,BRCA
1008,BRCA
1009,BRCA
1010,BRCA
1011,BRCA
1012,BRCA
1013,BRCA
1014,BRCA
1015,BRCA
1016,BRCA
1017,BRCA
1018,BRCA
1019,BRCA
1020,BRCA
1021,BRCA
1022,BRCA
1023,BRCA
1024,BRCA
1025,BRCA
1026,BRCA
1027,BRCA
1028,BRCA
1029,BRCA
1030,BRCA
1031,BRCA
1032,BRCA
1033,BRCA
1034,BRCA
1035,BRCA
1036,BRCA
1037,BRCA
1038,BRCA
1039,BRCA
1040,BRCA
1041,BRCA
1042,BRCA
1043,BRCA
1044,BRCA
1045,BRCA
1046,BRCA
1047,BRCA
1048,BRCA
1049,BRCA
1050,BRCA
1051,BRCA
1052,BRCA
1053,BRCA
1054,BRCA
1055,BRCA
1056,BRCA
1057,BRCA
1058,BRCA
1059,BRCA
1060,BRCA
1061,BRCA
1062,BRCA
1063,BRCA
1064,BRCA
1065,BRCA
1066,BRCA
1067,BRCA
1068,BRCA
1069,BRCA
1070,BRCA
1071,BRCA
1072,BRCA
1073,BRCA
1074,BRCA
1075,BRCA
1076,BRCA
1077,BRCA
1078,BRCA
1079,BRCA
1080,BRCA
1081,BRCA
1082,BRCA
1083,BRCA
1084,BRCA
1085,BRCA
1086,BRCA
1087,BRCA
1088,BRCA
1089,BRCA
1090,BRCA
1091,BRCA
1092,BRCA
1093,BRCA
1094,BRCA
1095,BRCA
1096,BRCA
1097,BRCA
1098,BRCA
1099,BRCA
1100,BRCA
1101,BRCA
1102,BRCA
1103,BRCA
1104,BRCA
1105,BRCA
1106,BRCA
1107,BRCA
1108,BRCA
1109,BRCA
1110,BRCA
1111,BRCA
1112,BRCA
1113,BRCA
1114,BRCA
1115,BRCA
1116,BRCA
1117,BRCA
1118,BRCA
1119,BRCA
1120,BRCA
1121,BRCA
1122,BRCA
1123,BRCA
1124,BRCA
1125,BRCA
1126,BRCA
1127,BRCA
1128,BRCA
1129,BRCA
1130,BRCA
1131,BRCA
1132,BRCA
1133,BRCA
1134,BRCA
1135,BRCA
1136,BRCA
1137,BRCA
1138,BRCA
1139,BRCA
1140,BRCA
1141,BRCA
1142,BRCA
1143,BRCA
1144,BRCA
1145,BRCA
1146,BRCA
1147,BRCA
1148,BRCA
1149,BRCA
1150,BRCA
1151,BRCA
1152,BRCA
1153,BRCA
1154,BRCA
1155,BRCA
1156,BRCA
1157,BRCA
1158,BRCA
1159,BRCA
1160,BRCA
1161,BRCA
1162,BRCA
1163,BRCA
1164,BRCA
1165,BRCA
1166,BRCA
1167,BRCA
1168,BRCA
1169,BRCA
1170,BRCA
1171,BRCA
1172,BRCA
1173,BRCA
1174,BRCA
1175,BRCA
1176,BRCA
1177,BRCA
1178,BRCA
1179,BRCA
1180,BRCA
1181,BRCA
1182,BRCA
1183,BRCA
1184,BRCA
1185,BRCA
1186,BRCA
1187,BRCA
1188,BRCA
1189,BRCA
1190,BRCA
1191,BRCA
1192,BRCA
1193,BRCA
1194,BRCA
1195,BRCA
1196,BRCA
1197,BRCA
1198,BRCA
1199,BRCA
1200,BRCA
1201,BRCA
1202,BRCA
1203,BRCA
1204,BRCA
1205,BRCA
1206,BRCA
1207,BRCA
1208,BRCA
1209,BRCA
1210,BRCA
1211,BRCA
1212,BRCA
1213,BRCA
1214,BRCA
1215,BRCA
1216,BRCA
1217,BRCA
1218,BRCA
1219,BRCA
1220,BRCA
1221,BRCA
1222,BRCA
1223,BRCA
1224,BRCA
1225,BRCA
1226,BRCA
1227,BRCA
1228,BRCA
1229,BRCA
1230,BRCA
1231,BRCA
1232,BRCA
1233,BRCA
1234,BRCA
1235,BRCA
1236,BRCA
1237,BRCA
1238,BRCA
1239,BRCA
1240,BRCA
1241,BRCA
1242,BRCA
1243,BRCA
1244,BRCA
1245,BRCA
1246,BRCA
1247,BRCA
1248,BRCA
1249,BRCA
1250,BRCA
1251,BRCA
1252,BRCA
1253,BRCA
1254,BRCA
1255,BRCA
1256,BRCA
1257,BRCA
1258,BRCA
1259,BRCA
1260,BRCA
1261,BRCA
1262,BRCA
1263,BRCA
1264,BRCA
1265,BRCA
1266,BRCA
1267,BRCA
1268,BRCA
1269,BRCA
1270,BRCA
1271,BRCA
1272,BRCA
1273,BRCA
1274,BRCA
1275,BRCA
1276,BRCA
1277,BRCA
1278,BRCA
1279,BRCA
1280,BRCA
1281,BRCA
1282,BRCA
1283,BRCA
1284,BRCA
1285,BRCA
1286,BRCA
1287,BRCA
1288,BRCA
1289,BRCA
1290,BRCA
1291,BRCA
1292,BRCA
1293,BRCA
1294,BRCA
1295,BRCA
1296,BRCA
1297,BRCA
1298,BRCA
1299,BRCA
1300,BRCA
1301,BRCA
1302,BRCA
1303,BRCA
1304,BRCA
1305,BRCA
1306,BRCA
1307,BRCA
1308,BRCA
1309,BRCA
1310,BRCA
1311,BRCA
1312,BRCA
1313,BRCA
1314,BRCA
1315,BRCA
1316,BRCA
1317,BRCA
1318,BRCA
1319,BRCA
1320,BRCA
1321,BRCA
1322,BRCA
1323,BRCA
1324,BRCA
1325,BRCA
1326,BRCA
1327,BRCA
1328,BRCA
1329,BRCA
1330,BRCA
1331,BRCA
1332,BRCA
1333,BRCA
1334,BRCA
1335,BRCA
1336,BRCA
1337,BRCA
1338,BRCA
1339,BRCA
1340,BRCA
1341,BRCA
1342,BRCA
1343,BRCA
1344,BRCA
1345,BRCA
1346,BRCA
1347,BRCA
1348,BRCA
1349,BRCA
1350,BRCA
1351,CESC
1352,CESC
1353,CESC
1354,CESC
1355,CESC
1356,CESC
1357,CESC
1358,CESC
1359,CESC
1360,CESC
1361,CESC
1362,CESC
1363,CESC
1364,CESC
1365,CESC
1366,CESC
1367,CESC
1368,CESC
1369,CESC
1370,CESC
1371,CESC
1372,CESC
1373,CESC
1374,CESC
1375,CESC
1376,CESC
1377,CESC
1378,CESC
1379,CESC
1380,CESC
1381,CESC
1382,CESC
1383,CESC
1384,CESC
1385,CESC
1386,CESC
1387,CESC
1388,CESC
1389,CESC
1390,CESC
1391,CESC
1392,CESC
1393,CESC
1394,CESC
1395,CESC
1396,CESC
1397,CESC
1398,CESC
1399,CESC
1400,CESC
1401,CESC
1402,CESC
1403,CESC
1404,CESC
1405,CESC
1406,CESC
1407,CESC
1408,CESC
1409,CESC
1410,CESC
1411,CESC
1412,CESC
1413,CESC
1414,CESC
1415,CESC
1416,CESC
1417,CESC
1418,CESC
1419,CESC
1420,CESC
1421,CESC
1422,CESC
1423,CESC
1424,CESC
1425,CESC
1426,CESC
1427,CESC
1428,CESC
1429,CESC
1430,CESC
1431,CESC
1432,CESC
1433,CESC
1434,CESC
1435,CESC
1436,CESC
1437,CESC
1438,CESC
1439,CESC
1440,CESC
1441,CESC
1442,CESC
1443,CESC
1444,CESC
1445,CESC
1446,CESC
1447,CESC
1448,CESC
1449,CESC
1450,CESC
1451,CESC
1452,CESC
1453,CESC
1454,CESC
1455,CESC
1456,CESC
1457,CESC
1458,CESC
1459,CESC
1460,CESC
1461,CESC
1462,CESC
1463,CESC
1464,CESC
1465,CESC
1466,CESC
1467,CESC
1468,CESC
1469,CESC
1470,CESC
1471,CESC
1472,CESC
1473,CESC
1474,CESC
1475,CESC
1476,CESC
1477,CESC
1478,CESC
1479,CESC
1480,CESC
1481,CESC
1482,CESC
1483,CESC
1484,CESC
1485,CESC
1486,CESC
1487,CESC
1488,CESC
1489,CESC
1490,CESC
1491,CESC
1492,CESC
1493,CESC
1494,CESC
1495,CESC
1496,CESC
1497,CESC
1498,CESC
1499,CESC
1500,CESC
1501,CESC
1502,CESC
1503,CESC
1504,CESC
1505,CESC
1506,CESC
1507,CESC
1508,CESC
1509,CESC
1510,CESC
1511,CESC
1512,CESC
1513,CESC
1514,CESC
1515,CESC
1516,CESC
1517,CESC
1518,CESC
1519,CESC
1520,CESC
1521,CESC
1522,CESC
1523,CESC
1524,CESC
1525,CESC
1526,CESC
1527,CESC
1528,CESC
1529,CESC
1530,CESC
1531,CESC
1532,CESC
1533,CESC
1534,CESC
1535,CESC
1536,CESC
1537,CESC
1538,CESC
1539,CESC
1540,CESC
1541,CESC
1542,CESC
1543,CESC
1544,CESC
1545,CESC
1546,CESC
1547,CESC
1548,CESC
1549,CESC
1550,CESC
1551,CESC
1552,CESC
1553,CESC
1554,CESC
1555,CESC
1556,CESC
1557,CESC
1558,CESC
1559,CESC
1560,CESC
1561,CESC
1562,CESC
1563,CESC
1564,CESC
1565,CESC
1566,CESC
1567,CESC
1568,CESC
1569,CESC
1570,CESC
1571,CESC
1572,CESC
1573,CESC
1574,CESC
1575,CESC
1576,CESC
1577,CESC
1578,CESC
1579,CESC
1580,CESC
1581,CESC
1582,CESC
1583,CESC
1584,CESC
1585,CESC
1586,CESC
1587,CESC
1588,CESC
1589,CESC
1590,CESC
1591,CESC
1592,CESC
1593,CESC
1594,CESC
1595,CESC
1596,CESC
1597,CESC
1598,CESC
1599,CESC
1600,CESC
1601,CESC
1602,CESC
1603,CESC
1604,CESC
1605,CESC
1606,CESC
1607,CESC
1608,CESC
1609,CESC
1610,CESC
1611,CESC
1612,CESC
1613,CESC
1614,CESC
1615,CESC
1616,CESC
1617,CESC
1618,CESC
1619,CESC
1620,CESC
1621,CESC
1622,CESC
1623,CESC
1624,CESC
1625,CESC
1626,CESC
1627,CESC
1628,CESC
1629,CESC
1630,CESC
1631,CESC
1632,CESC
1633,CESC
1634,CESC
1635,CESC
1636,CESC
1637,CESC
1638,CESC
1639,CESC
1640,CESC
1641,CESC
1642,CESC
1643,CESC
1644,CESC
1645,CESC
1646,CESC
1647,CESC
1648,CESC
1649,CESC
1650,CESC
1651,CESC
1652,CESC
1653,CESC
1654,CESC
1655,CESC
1656,CESC
1657,CESC
1658,CESC
1659,CESC
1660,CHOL
1661,CHOL
1662,CHOL
1663,CHOL
1664,CHOL
1665,CHOL
1666,CHOL
1667,CHOL
1668,CHOL
1669,CHOL
1670,CHOL
1671,CHOL
1672,CHOL
1673,CHOL
1674,CHOL
1675,CHOL
1676,CHOL
1677,CHOL
1678,CHOL
1679,CHOL
1680,CHOL
1681,CHOL
1682,CHOL
1683,CHOL
1684,CHOL
1685,CHOL
1686,CHOL
1687,CHOL
1688,CHOL
1689,CHOL
1690,CHOL
1691,CHOL
1692,CHOL
1693,CHOL
1694,CHOL
1695,CHOL
1696,CHOL
1697,CHOL
1698,CHOL
1699,CHOL
1700,CHOL
1701,CHOL
1702,CHOL
1703,CHOL
1704,CHOL
1705,COAD
1706,COAD
1707,COAD
1708,COAD
1709,COAD
1710,COAD
1711,COAD
1712,COAD
1713,COAD
1714,COAD
1715,COAD
1716,COAD
1717,COAD
1718,COAD
1719,COAD
1720,COAD
1721,COAD
1722,COAD
1723,COAD
1724,COAD
1725,COAD
1726,COAD
1727,COAD
1728,COAD
1729,COAD
1730,COAD
1731,COAD
1732,COAD
1733,COAD
1734,COAD
1735,COAD
1736,COAD
1737,COAD
1738,COAD
1739,COAD
1740,COAD
1741,COAD
1742,COAD
1743,COAD
1744,COAD
1745,COAD
1746,COAD
1747,COAD
1748,COAD
1749,COAD
1750,COAD
1751,COAD
1752,COAD
1753,COAD
1754,COAD
1755,COAD
1756,COAD
1757,COAD
1758,COAD
1759,COAD
1760,COAD
1761,COAD
1762,COAD
1763,COAD
1764,COAD
1765,COAD
1766,COAD
1767,COAD
1768,COAD
1769,COAD
1770,COAD
1771,COAD
1772,COAD
1773,COAD
1774,COAD
1775,COAD
1776,COAD
1777,COAD
1778,COAD
1779,COAD
1780,COAD
1781,COAD
1782,COAD
1783,COAD
1784,COAD
1785,COAD
1786,COAD
1787,COAD
1788,COAD
1789,COAD
1790,COAD
1791,COAD
1792,COAD
1793,COAD
1794,COAD
1795,COAD
1796,COAD
1797,COAD
1798,COAD
1799,COAD
1800,COAD
1801,COAD
1802,COAD
1803,COAD
1804,COAD
1805,COAD
1806,COAD
1807,COAD
1808,COAD
1809,COAD
1810,COAD
1811,COAD
1812,COAD
1813,COAD
1814,COAD
1815,COAD
1816,COAD
1817,COAD
1818,COAD
1819,COAD
1820,COAD
1821,COAD
1822,COAD
1823,COAD
1824,COAD
1825,COAD
1826,COAD
1827,COAD
1828,COAD
1829,COAD
1830,COAD
1831,COAD
1832,COAD
1833,COAD
1834,COAD
1835,COAD
1836,COAD
1837,COAD
1838,COAD
1839,COAD
1840,COAD
1841,COAD
1842,COAD
1843,COAD
1844,COAD
1845,COAD
1846,COAD
1847,COAD
1848,COAD
1849,COAD
1850,COAD
1851,COAD
1852,COAD
1853,COAD
1854,COAD
1855,COAD
1856,COAD
1857,COAD
1858,COAD
1859,COAD
1860,COAD
1861,COAD
1862,COAD
1863,COAD
1864,COAD
1865,COAD
1866,COAD
1867,COAD
1868,COAD
1869,COAD
1870,COAD
1871,COAD
1872,COAD
1873,COAD
1874,COAD
1875,COAD
1876,COAD
1877,COAD
1878,COAD
1879,COAD
1880,COAD
1881,COAD
1882,COAD
1883,COAD
1884,COAD
1885,COAD
1886,COAD
1887,COAD
1888,COAD
1889,COAD
1890,COAD
1891,COAD
1892,COAD
1893,COAD
1894,COAD
1895,COAD
1896,COAD
1897,COAD
1898,COAD
1899,COAD
1900,COAD
1901,COAD
1902,COAD
1903,COAD
1904,COAD
1905,COAD
1906,COAD
1907,COAD
1908,COAD
1909,COAD
1910,COAD
1911,COAD
1912,COAD
1913,COAD
1914,COAD
1915,COAD
1916,COAD
1917,COAD
1918,COAD
1919,COAD
1920,COAD
1921,COAD
1922,COAD
1923,COAD
1924,COAD
1925,COAD
1926,DLBC
1927,DLBC
1928,DLBC
1929,DLBC
1930,DLBC
1931,DLBC
1932,DLBC
1933,DLBC
1934,DLBC
1935,DLBC
1936,DLBC
1937,DLBC
1938,DLBC
1939,DLBC
1940,DLBC
1941,DLBC
1942,DLBC
1943,DLBC
1944,DLBC
1945,DLBC
1946,DLBC
1947,DLBC
1948,DLBC
1949,DLBC
1950,DLBC
1951,DLBC
1952,DLBC
1953,DLBC
1954,DLBC
1955,DLBC
1956,DLBC
1957,DLBC
1958,DLBC
1959,DLBC
1960,DLBC
1961,DLBC
1962,DLBC
1963,DLBC
1964,DLBC
1965,DLBC
1966,DLBC
1967,DLBC
1968,DLBC
1969,DLBC
1970,DLBC
1971,DLBC
1972,DLBC
1973,ESCA
1974,ESCA
1975,ESCA
1976,ESCA
1977,ESCA
1978,ESCA
1979,ESCA
1980,ESCA
1981,ESCA
1982,ESCA
1983,ESCA
1984,ESCA
1985,ESCA
1986,ESCA
1987,ESCA
1988,ESCA
1989,ESCA
1990,ESCA
1991,ESCA
1992,ESCA
1993,ESCA
1994,ESCA
1995,ESCA
1996,ESCA
1997,ESCA
1998,ESCA
1999,ESCA
2000,ESCA
2001,ESCA
2002,ESCA
2003,ESCA
2004,ESCA
2005,ESCA
2006,ESCA
2007,ESCA
2008,ESCA
2009,ESCA
2010,ESCA
2011,ESCA
2012,ESCA
2013,ESCA
2014,ESCA
2015,ESCA
2016,ESCA
2017,ESCA
2018,ESCA
2019,ESCA
2020,ESCA
2021,ESCA
2022,ESCA
2023,ESCA
2024,ESCA
2025,ESCA
2026,ESCA
2027,ESCA
2028,ESCA
2029,ESCA
2030,ESCA
2031,ESCA
2032,ESCA
2033,ESCA
2034,ESCA
2035,ESCA
2036,ESCA
2037,ESCA
2038,ESCA
2039,ESCA
2040,ESCA
2041,ESCA
2042,ESCA
2043,ESCA
2044,ESCA
2045,ESCA
2046,ESCA
2047,ESCA
2048,ESCA
2049,ESCA
2050,ESCA
2051,ESCA
2052,ESCA
2053,ESCA
2054,ESCA
2055,ESCA
2056,ESCA
2057,ESCA
2058,ESCA
2059,ESCA
2060,ESCA
2061,ESCA
2062,ESCA
2063,ESCA
2064,ESCA
2065,ESCA
2066,ESCA
2067,ESCA
2068,ESCA
2069,ESCA
2070,ESCA
2071,ESCA
2072,ESCA
2073,ESCA
2074,ESCA
2075,ESCA
2076,ESCA
2077,ESCA
2078,ESCA
2079,ESCA
2080,ESCA
2081,ESCA
2082,ESCA
2083,ESCA
2084,ESCA
2085,ESCA
2086,ESCA
2087,ESCA
2088,ESCA
2089,ESCA
2090,ESCA
2091,ESCA
2092,ESCA
2093,ESCA
2094,ESCA
2095,ESCA
2096,ESCA
2097,ESCA
2098,ESCA
2099,ESCA
2100,ESCA
2101,ESCA
2102,ESCA
2103,ESCA
2104,ESCA
2105,ESCA
2106,ESCA
2107,ESCA
2108,ESCA
2109,ESCA
2110,ESCA
2111,ESCA
2112,ESCA
2113,ESCA
2114,ESCA
2115,ESCA
2116,ESCA
2117,ESCA
2118,ESCA
2119,ESCA
2120,ESCA
2121,ESCA
2122,ESCA
2123,ESCA
2124,ESCA
2125,ESCA
2126,ESCA
2127,ESCA
2128,ESCA
2129,ESCA
2130,ESCA
2131,ESCA
2132,ESCA
2133,ESCA
2134,ESCA
2135,ESCA
2136,ESCA
2137,ESCA
2138,ESCA
2139,ESCA
2140,ESCA
2141,ESCA
2142,ESCA
2143,ESCA
2144,ESCA
2145,ESCA
2146,ESCA
2147,ESCA
2148,ESCA
2149,ESCA
2150,ESCA
2151,ESCA
2152,ESCA
2153,ESCA
2154,ESCA
2155,ESCA
2156,ESCA
2157,ESCA
2158,ESCA
2159,ESCA
2160,ESCA
2161,ESCA
2162,ESCA
2163,ESCA
2164,ESCA
2165,ESCA
2166,ESCA
2167,ESCA
2168,GBM
2169,GBM
2170,GBM
2171,GBM
2172,GBM
2173,HNSC
2174,HNSC
2175,HNSC
2176,HNSC
2177,HNSC
2178,HNSC
2179,HNSC
2180,HNSC
2181,HNSC
2182,HNSC
2183,HNSC
2184,HNSC
2185,HNSC
2186,HNSC
2187,HNSC
2188,HNSC
2189,HNSC
2190,HNSC
2191,HNSC
2192,HNSC
2193,HNSC
2194,HNSC
2195,HNSC
2196,HNSC
2197,HNSC
2198,HNSC
2199,HNSC
2200,HNSC
2201,HNSC
2202,HNSC
2203,HNSC
2204,HNSC
2205,HNSC
2206,HNSC
2207,HNSC
2208,HNSC
2209,HNSC
2210,HNSC
2211,HNSC
2212,HNSC
2213,HNSC
2214,HNSC
2215,HNSC
2216,HNSC
2217,HNSC
2218,HNSC
2219,HNSC
2220,HNSC
2221,HNSC
2222,HNSC
2223,HNSC
2224,HNSC
2225,HNSC
2226,HNSC
2227,HNSC
2228,HNSC
2229,HNSC
2230,HNSC
2231,HNSC
2232,HNSC
2233,HNSC
2234,HNSC
2235,HNSC
2236,HNSC
2237,HNSC
2238,HNSC
2239,HNSC
2240,HNSC
2241,HNSC
2242,HNSC
2243,HNSC
2244,HNSC
2245,HNSC
2246,HNSC
2247,HNSC
2248,HNSC
2249,HNSC
2250,HNSC
2251,HNSC
2252,HNSC
2253,HNSC
2254,HNSC
2255,HNSC
2256,HNSC
2257,HNSC
2258,HNSC
2259,HNSC
2260,HNSC
2261,HNSC
2262,HNSC
2263,HNSC
2264,HNSC
2265,HNSC
2266,HNSC
2267,HNSC
2268,HNSC
2269,HNSC
2270,HNSC
2271,HNSC
2272,HNSC
2273,HNSC
2274,HNSC
2275,HNSC
2276,HNSC
2277,HNSC
2278,HNSC
2279,HNSC
2280,HNSC
2281,HNSC
2282,HNSC
2283,HNSC
2284,HNSC
2285,HNSC
2286,HNSC
2287,HNSC
2288,HNSC
2289,HNSC
2290,HNSC
2291,HNSC
2292,HNSC
2293,HNSC
2294,HNSC
2295,HNSC
2296,HNSC
2297,HNSC
2298,HNSC
2299,HNSC
2300,HNSC
2301,HNSC
2302,HNSC
2303,HNSC
2304,HNSC
2305,HNSC
2306,HNSC
2307,HNSC
2308,HNSC
2309,HNSC
2310,HNSC
2311,HNSC
2312,HNSC
2313,HNSC
2314,HNSC
2315,HNSC
2316,HNSC
2317,HNSC
2318,HNSC
2319,HNSC
2320,HNSC
2321,HNSC
2322,HNSC
2323,HNSC
2324,HNSC
2325,HNSC
2326,HNSC
2327,HNSC
2328,HNSC
2329,HNSC
2330,HNSC
2331,HNSC
2332,HNSC
2333,HNSC
2334,HNSC
2335,HNSC
2336,HNSC
2337,HNSC
2338,HNSC
2339,HNSC
2340,HNSC
2341,HNSC
2342,HNSC
2343,HNSC
2344,HNSC
2345,HNSC
2346,HNSC
2347,HNSC
2348,HNSC
2349,HNSC
2350,HNSC
2351,HNSC
2352,HNSC
2353,HNSC
2354,HNSC
2355,HNSC
2356,HNSC
2357,HNSC
2358,HNSC
2359,HNSC
2360,HNSC
2361,HNSC
2362,HNSC
2363,HNSC
2364,HNSC
2365,HNSC
2366,HNSC
2367,HNSC
2368,HNSC
2369,HNSC
2370,HNSC
2371,HNSC
2372,HNSC
2373,HNSC
2374,HNSC
2375,HNSC
2376,HNSC
2377,HNSC
2378,HNSC
2379,HNSC
2380,HNSC
2381,HNSC
2382,HNSC
2383,HNSC
2384,HNSC
2385,HNSC
2386,HNSC
2387,HNSC
2388,HNSC
2389,HNSC
2390,HNSC
2391,HNSC
2392,HNSC
2393,HNSC
2394,HNSC
2395,HNSC
2396,HNSC
2397,HNSC
2398,HNSC
2399,HNSC
2400,HNSC
2401,HNSC
2402,HNSC
2403,HNSC
2404,HNSC
2405,HNSC
2406,HNSC
2407,HNSC
2408,HNSC
2409,HNSC
2410,HNSC
2411,HNSC
2412,HNSC
2413,HNSC
2414,HNSC
2415,HNSC
2416,HNSC
2417,HNSC
2418,HNSC
2419,HNSC
2420,HNSC
2421,HNSC
2422,HNSC
2423,HNSC
2424,HNSC
2425,HNSC
2426,HNSC
2427,HNSC
2428,HNSC
2429,HNSC
2430,HNSC
2431,HNSC
2432,HNSC
2433,HNSC
2434,HNSC
2435,HNSC
2436,HNSC
2437,HNSC
2438,HNSC
2439,HNSC
2440,HNSC
2441,HNSC
2442,HNSC
2443,HNSC
2444,HNSC
2445,HNSC
2446,HNSC
2447,HNSC
2448,HNSC
2449,HNSC
2450,HNSC
2451,HNSC
2452,HNSC
2453,HNSC
2454,HNSC
2455,HNSC
2456,HNSC
2457,HNSC
2458,HNSC
2459,HNSC
2460,HNSC
2461,HNSC
2462,HNSC
2463,HNSC
2464,HNSC
2465,HNSC
2466,HNSC
2467,HNSC
2468,HNSC
2469,HNSC
2470,HNSC
2471,HNSC
2472,HNSC
2473,HNSC
2474,HNSC
2475,HNSC
2476,HNSC
2477,HNSC
2478,HNSC
2479,HNSC
2480,HNSC
2481,HNSC
2482,HNSC
2483,HNSC
2484,HNSC
2485,HNSC
2486,HNSC
2487,HNSC
2488,HNSC
2489,HNSC
2490,HNSC
2491,HNSC
2492,HNSC
2493,HNSC
2494,HNSC
2495,HNSC
2496,HNSC
2497,HNSC
2498,HNSC
2499,HNSC
2500,HNSC
2501,HNSC
2502,HNSC
2503,HNSC
2504,HNSC
2505,HNSC
2506,HNSC
2507,HNSC
2508,HNSC
2509,HNSC
2510,HNSC
2511,HNSC
2512,HNSC
2513,HNSC
2514,HNSC
2515,HNSC
2516,HNSC
2517,HNSC
2518,HNSC
2519,HNSC
2520,HNSC
2521,HNSC
2522,HNSC
2523,HNSC
2524,HNSC
2525,HNSC
2526,HNSC
2527,HNSC
2528,HNSC
2529,HNSC
2530,HNSC
2531,HNSC
2532,HNSC
2533,HNSC
2534,HNSC
2535,HNSC
2536,HNSC
2537,HNSC
2538,HNSC
2539,HNSC
2540,HNSC
2541,HNSC
2542,HNSC
2543,HNSC
2544,HNSC
2545,HNSC
2546,HNSC
2547,HNSC
2548,HNSC
2549,HNSC
2550,HNSC
2551,HNSC
2552,HNSC
2553,HNSC
2554,HNSC
2555,HNSC
2556,HNSC
2557,HNSC
2558,HNSC
2559,HNSC
2560,HNSC
2561,HNSC
2562,HNSC
2563,HNSC
2564,HNSC
2565,HNSC
2566,HNSC
2567,HNSC
2568,HNSC
2569,HNSC
2570,HNSC
2571,HNSC
2572,HNSC
2573,HNSC
2574,HNSC
2575,HNSC
2576,HNSC
2577,HNSC
2578,HNSC
2579,HNSC
2580,HNSC
2581,HNSC
2582,HNSC
2583,HNSC
2584,HNSC
2585,HNSC
2586,HNSC
2587,HNSC
2588,HNSC
2589,HNSC
2590,HNSC
2591,HNSC
2592,HNSC
2593,HNSC
2594,HNSC
2595,HNSC
2596,HNSC
2597,HNSC
2598,HNSC
2599,HNSC
2600,HNSC
2601,HNSC
2602,HNSC
2603,HNSC
2604,HNSC
2605,HNSC
2606,HNSC
2607,HNSC
2608,HNSC
2609,HNSC
2610,HNSC
2611,HNSC
2612,HNSC
2613,HNSC
2614,HNSC
2615,HNSC
2616,HNSC
2617,HNSC
2618,HNSC
2619,HNSC
2620,HNSC
2621,HNSC
2622,HNSC
2623,HNSC
2624,HNSC
2625,HNSC
2626,HNSC
2627,HNSC
2628,HNSC
2629,HNSC
2630,HNSC
2631,HNSC
2632,HNSC
2633,HNSC
2634,HNSC
2635,HNSC
2636,HNSC
2637,HNSC
2638,HNSC
2639,HNSC
2640,HNSC
2641,HNSC
2642,HNSC
2643,HNSC
2644,HNSC
2645,HNSC
2646,HNSC
2647,HNSC
2648,HNSC
2649,HNSC
2650,HNSC
2651,HNSC
2652,HNSC
2653,HNSC
2654,HNSC
2655,HNSC
2656,HNSC
2657,HNSC
2658,HNSC
2659,HNSC
2660,HNSC
2661,HNSC
2662,HNSC
2663,HNSC
2664,HNSC
2665,HNSC
2666,HNSC
2667,HNSC
2668,HNSC
2669,HNSC
2670,HNSC
2671,HNSC
2672,HNSC
2673,HNSC
2674,HNSC
2675,HNSC
2676,HNSC
2677,HNSC
2678,HNSC
2679,HNSC
2680,HNSC
2681,HNSC
2682,HNSC
2683,HNSC
2684,HNSC
2685,HNSC
2686,HNSC
2687,HNSC
2688,HNSC
2689,HNSC
2690,HNSC
2691,HNSC
2692,HNSC
2693,HNSC
2694,HNSC
2695,HNSC
2696,HNSC
2697,KICH
2698,KICH
2699,KICH
2700,KICH
2701,KICH
2702,KICH
2703,KICH
2704,KICH
2705,KICH
2706,KICH
2707,KICH
2708,KICH
2709,KICH
2710,KICH
2711,KICH
2712,KICH
2713,KICH
2714,KICH
2715,KICH
2716,KICH
2717,KICH
2718,KICH
2719,KICH
2720,KICH
2721,KICH
2722,KICH
2723,KICH
2724,KICH
2725,KICH
2726,KICH
2727,KICH
2728,KICH
2729,KICH
2730,KICH
2731,KICH
2732,KICH
2733,KICH
2734,KICH
2735,KICH
2736,KICH
2737,KICH
2738,KICH
2739,KICH
2740,KICH
2741,KICH
2742,KICH
2743,KICH
2744,KICH
2745,KICH
2746,KICH
2747,KICH
2748,KICH
2749,KICH
2750,KICH
2751,KICH
2752,KICH
2753,KICH
2754,KICH
2755,KICH
2756,KICH
2757,KICH
2758,KICH
2759,KICH
2760,KICH
2761,KICH
2762,KICH
2763,KICH
2764,KICH
2765,KICH
2766,KICH
2767,KICH
2768,KICH
2769,KICH
2770,KICH
2771,KICH
2772,KICH
2773,KICH
2774,KICH
2775,KICH
2776,KICH
2777,KICH
2778,KICH
2779,KICH
2780,KICH
2781,KICH
2782,KICH
2783,KICH
2784,KICH
2785,KICH
2786,KICH
2787,KICH
2788,KIRC
2789,KIRC
2790,KIRC
2791,KIRC
2792,KIRC
2793,KIRC
2794,KIRC
2795,KIRC
2796,KIRC
2797,KIRC
2798,KIRC
2799,KIRC
2800,KIRC
2801,KIRC
2802,KIRC
2803,KIRC
2804,KIRC
2805,KIRC
2806,KIRC
2807,KIRC
2808,KIRC
2809,KIRC
2810,KIRC
2811,KIRC
2812,KIRC
2813,KIRC
2814,KIRC
2815,KIRC
2816,KIRC
2817,KIRC
2818,KIRC
2819,KIRC
2820,KIRC
2821,KIRC
2822,KIRC
2823,KIRC
2824,KIRC
2825,KIRC
2826,KIRC
2827,KIRC
2828,KIRC
2829,KIRC
2830,KIRC
2831,KIRC
2832,KIRC
2833,KIRC
2834,KIRC
2835,KIRC
2836,KIRC
2837,KIRC
2838,KIRC
2839,KIRC
2840,KIRC
2841,KIRC
2842,KIRC
2843,KIRC
2844,KIRC
2845,KIRC
2846,KIRC
2847,KIRC
2848,KIRC
2849,KIRC
2850,KIRC
2851,KIRC
2852,KIRC
2853,KIRC
2854,KIRC
2855,KIRC
2856,KIRC
2857,KIRC
2858,KIRC
2859,KIRC
2860,KIRC
2861,KIRC
2862,KIRC
2863,KIRC
2864,KIRC
2865,KIRC
2866,KIRC
2867,KIRC
2868,KIRC
2869,KIRC
2870,KIRC
2871,KIRC
2872,KIRC
2873,KIRC
2874,KIRC
2875,KIRC
2876,KIRC
2877,KIRC
2878,KIRC
2879,KIRC
2880,KIRC
2881,KIRC
2882,KIRC
2883,KIRC
2884,KIRC
2885,KIRC
2886,KIRC
2887,KIRC
2888,KIRC
2889,KIRC
2890,KIRC
2891,KIRC
2892,KIRC
2893,KIRC
2894,KIRC
2895,KIRC
2896,KIRC
2897,KIRC
2898,KIRC
2899,KIRC
2900,KIRC
2901,KIRC
2902,KIRC
2903,KIRC
2904,KIRC
2905,KIRC
2906,KIRC
2907,KIRC
2908,KIRC
2909,KIRC
2910,KIRC
2911,KIRC
2912,KIRC
2913,KIRC
2914,KIRC
2915,KIRC
2916,KIRC
2917,KIRC
2918,KIRC
2919,KIRC
2920,KIRC
2921,KIRC
2922,KIRC
2923,KIRC
2924,KIRC
2925,KIRC
2926,KIRC
2927,KIRC
2928,KIRC
2929,KIRC
2930,KIRC
2931,KIRC
2932,KIRC
2933,KIRC
2934,KIRC
2935,KIRC
2936,KIRC
2937,KIRC
2938,KIRC
2939,KIRC
2940,KIRC
2941,KIRC
2942,KIRC
2943,KIRC
2944,KIRC
2945,KIRC
2946,KIRC
2947,KIRC
2948,KIRC
2949,KIRC
2950,KIRC
2951,KIRC
2952,KIRC
2953,KIRC
2954,KIRC
2955,KIRC
2956,KIRC
2957,KIRC
2958,KIRC
2959,KIRC
2960,KIRC
2961,KIRC
2962,KIRC
2963,KIRC
2964,KIRC
2965,KIRC
2966,KIRC
2967,KIRC
2968,KIRC
2969,KIRC
2970,KIRC
2971,KIRC
2972,KIRC
2973,KIRC
2974,KIRC
2975,KIRC
2976,KIRC
2977,KIRC
2978,KIRC
2979,KIRC
2980,KIRC
2981,KIRC
2982,KIRC
2983,KIRC
2984,KIRC
2985,KIRC
2986,KIRC
2987,KIRC
2988,KIRC
2989,KIRC
2990,KIRC
2991,KIRC
2992,KIRC
2993,KIRC
2994,KIRC
2995,KIRC
2996,KIRC
2997,KIRC
2998,KIRC
2999,KIRC
3000,KIRC
3001,KIRC
3002,KIRC
3003,KIRC
3004,KIRC
3005,KIRC
3006,KIRC
3007,KIRC
3008,KIRC
3009,KIRC
3010,KIRC
3011,KIRC
3012,KIRC
3013,KIRC
3014,KIRC
3015,KIRC
3016,KIRC
3017,KIRC
3018,KIRC
3019,KIRC
3020,KIRC
3021,KIRC
3022,KIRC
3023,KIRC
3024,KIRC
3025,KIRC
3026,KIRC
3027,KIRC
3028,KIRC
3029,KIRC
3030,KIRC
3031,KIRC
3032,KIRC
3033,KIRC
3034,KIRC
3035,KIRC
3036,KIRC
3037,KIRC
3038,KIRC
3039,KIRC
3040,KIRC
3041,KIRC
3042,KIRC
3043,KIRC
3044,KIRC
3045,KIRC
3046,KIRC
3047,KIRC
3048,KIRC
3049,KIRC
3050,KIRC
3051,KIRC
3052,KIRC
3053,KIRC
3054,KIRC
3055,KIRC
3056,KIRC
3057,KIRC
3058,KIRC
3059,KIRC
3060,KIRC
3061,KIRC
3062,KIRC
3063,KIRC
3064,KIRC
3065,KIRC
3066,KIRC
3067,KIRC
3068,KIRC
3069,KIRC
3070,KIRC
3071,KIRC
3072,KIRC
3073,KIRC
3074,KIRC
3075,KIRC
3076,KIRC
3077,KIRC
3078,KIRC
3079,KIRC
3080,KIRC
3081,KIRC
3082,KIRC
3083,KIRC
3084,KIRC
3085,KIRC
3086,KIRC
3087,KIRC
3088,KIRC
3089,KIRC
3090,KIRC
3091,KIRC
3092,KIRC
3093,KIRC
3094,KIRC
3095,KIRC
3096,KIRC
3097,KIRC
3098,KIRC
3099,KIRC
3100,KIRC
3101,KIRC
3102,KIRC
3103,KIRC
3104,KIRC
3105,KIRC
3106,KIRC
3107,KIRC
3108,KIRC
3109,KIRC
3110,KIRC
3111,KIRC
3112,KIRC
3113,KIRC
3114,KIRP
3115,KIRP
3116,KIRP
3117,KIRP
3118,KIRP
3119,KIRP
3120,KIRP
3121,KIRP
3122,KIRP
3123,KIRP
3124,KIRP
3125,KIRP
3126,KIRP
3127,KIRP
3128,KIRP
3129,KIRP
3130,KIRP
3131,KIRP
3132,KIRP
3133,KIRP
3134,KIRP
3135,KIRP
3136,KIRP
3137,KIRP
3138,KIRP
3139,KIRP
3140,KIRP
3141,KIRP
3142,KIRP
3143,KIRP
3144,KIRP
3145,KIRP
3146,KIRP
3147,KIRP
3148,KIRP
3149,KIRP
3150,KIRP
3151,KIRP
3152,KIRP
3153,KIRP
3154,KIRP
3155,KIRP
3156,KIRP
3157,KIRP
3158,KIRP
3159,KIRP
3160,KIRP
3161,KIRP
3162,KIRP
3163,KIRP
3164,KIRP
3165,KIRP
3166,KIRP
3167,KIRP
3168,KIRP
3169,KIRP
3170,KIRP
3171,KIRP
3172,KIRP
3173,KIRP
3174,KIRP
3175,KIRP
3176,KIRP
3177,KIRP
3178,KIRP
3179,KIRP
3180,KIRP
3181,KIRP
3182,KIRP
3183,KIRP
3184,KIRP
3185,KIRP
3186,KIRP
3187,KIRP
3188,KIRP
3189,KIRP
3190,KIRP
3191,KIRP
3192,KIRP
3193,KIRP
3194,KIRP
3195,KIRP
3196,KIRP
3197,KIRP
3198,KIRP
3199,KIRP
3200,KIRP
3201,KIRP
3202,KIRP
3203,KIRP
3204,KIRP
3205,KIRP
3206,KIRP
3207,KIRP
3208,KIRP
3209,KIRP
3210,KIRP
3211,KIRP
3212,KIRP
3213,KIRP
3214,KIRP
3215,KIRP
3216,KIRP
3217,KIRP
3218,KIRP
3219,KIRP
3220,KIRP
3221,KIRP
3222,KIRP
3223,KIRP
3224,KIRP
3225,KIRP
3226,KIRP
3227,KIRP
3228,KIRP
3229,KIRP
3230,KIRP
3231,KIRP
3232,KIRP
3233,KIRP
3234,KIRP
3235,KIRP
3236,KIRP
3237,KIRP
3238,KIRP
3239,KIRP
3240,KIRP
3241,KIRP
3242,KIRP
3243,KIRP
3244,KIRP
3245,KIRP
3246,KIRP
3247,KIRP
3248,KIRP
3249,KIRP
3250,KIRP
3251,KIRP
3252,KIRP
3253,KIRP
3254,KIRP
3255,KIRP
3256,KIRP
3257,KIRP
3258,KIRP
3259,KIRP
3260,KIRP
3261,KIRP
3262,KIRP
3263,KIRP
3264,KIRP
3265,KIRP
3266,KIRP
3267,KIRP
3268,KIRP
3269,KIRP
3270,KIRP
3271,KIRP
3272,KIRP
3273,KIRP
3274,KIRP
3275,KIRP
3276,KIRP
3277,KIRP
3278,KIRP
3279,KIRP
3280,KIRP
3281,KIRP
3282,KIRP
3283,KIRP
3284,KIRP
3285,KIRP
3286,KIRP
3287,KIRP
3288,KIRP
3289,KIRP
3290,KIRP
3291,KIRP
3292,KIRP
3293,KIRP
3294,KIRP
3295,KIRP
3296,KIRP
3297,KIRP
3298,KIRP
3299,KIRP
3300,KIRP
3301,KIRP
3302,KIRP
3303,KIRP
3304,KIRP
3305,KIRP
3306,KIRP
3307,KIRP
3308,KIRP
3309,KIRP
3310,KIRP
3311,KIRP
3312,KIRP
3313,KIRP
3314,KIRP
3315,KIRP
3316,KIRP
3317,KIRP
3318,KIRP
3319,KIRP
3320,KIRP
3321,KIRP
3322,KIRP
3323,KIRP
3324,KIRP
3325,KIRP
3326,KIRP
3327,KIRP
3328,KIRP
3329,KIRP
3330,KIRP
3331,KIRP
3332,KIRP
3333,KIRP
3334,KIRP
3335,KIRP
3336,KIRP
3337,KIRP
3338,KIRP
3339,KIRP
3340,KIRP
3341,KIRP
3342,KIRP
3343,KIRP
3344,KIRP
3345,KIRP
3346,KIRP
3347,KIRP
3348,KIRP
3349,KIRP
3350,KIRP
3351,KIRP
3352,KIRP
3353,KIRP
3354,KIRP
3355,KIRP
3356,KIRP
3357,KIRP
3358,KIRP
3359,KIRP
3360,KIRP
3361,KIRP
3362,KIRP
3363,KIRP
3364,KIRP
3365,KIRP
3366,KIRP
3367,KIRP
3368,KIRP
3369,KIRP
3370,KIRP
3371,KIRP
3372,KIRP
3373,KIRP
3374,KIRP
3375,KIRP
3376,KIRP
3377,KIRP
3378,KIRP
3379,KIRP
3380,KIRP
3381,KIRP
3382,KIRP
3383,KIRP
3384,KIRP
3385,KIRP
3386,KIRP
3387,KIRP
3388,KIRP
3389,KIRP
3390,KIRP
3391,KIRP
3392,KIRP
3393,KIRP
3394,KIRP
3395,KIRP
3396,KIRP
3397,KIRP
3398,KIRP
3399,KIRP
3400,KIRP
3401,KIRP
3402,KIRP
3403,KIRP
3404,KIRP
3405,KIRP
3406,KIRP
3407,KIRP
3408,KIRP
3409,KIRP
3410,KIRP
3411,KIRP
3412,KIRP
3413,KIRP
3414,KIRP
3415,KIRP
3416,KIRP
3417,KIRP
3418,KIRP
3419,KIRP
3420,KIRP
3421,KIRP
3422,KIRP
3423,KIRP
3424,KIRP
3425,KIRP
3426,KIRP
3427,KIRP
3428,KIRP
3429,KIRP
3430,KIRP
3431,KIRP
3432,KIRP
3433,KIRP
3434,KIRP
3435,KIRP
3436,KIRP
3437,LGG
3438,LGG
3439,LGG
3440,LGG
3441,LGG
3442,LGG
3443,LGG
3444,LGG
3445,LGG
3446,LGG
3447,LGG
3448,LGG
3449,LGG
3450,LGG
3451,LGG
3452,LGG
3453,LGG
3454,LGG
3455,LGG
3456,LGG
3457,LGG
3458,LGG
3459,LGG
3460,LGG
3461,LGG
3462,LGG
3463,LGG
3464,LGG
3465,LGG
3466,LGG
3467,LGG
3468,LGG
3469,LGG
3470,LGG
3471,LGG
3472,LGG
3473,LGG
3474,LGG
3475,LGG
3476,LGG
3477,LGG
3478,LGG
3479,LGG
3480,LGG
3481,LGG
3482,LGG
3483,LGG
3484,LGG
3485,LGG
3486,LGG
3487,LGG
3488,LGG
3489,LGG
3490,LGG
3491,LGG
3492,LGG
3493,LGG
3494,LGG
3495,LGG
3496,LGG
3497,LGG
3498,LGG
3499,LGG
3500,LGG
3501,LGG
3502,LGG
3503,LGG
3504,LGG
3505,LGG
3506,LGG
3507,LGG
3508,LGG
3509,LGG
3510,LGG
3511,LGG
3512,LGG
3513,LGG
3514,LGG
3515,LGG
3516,LGG
3517,LGG
3518,LGG
3519,LGG
3520,LGG
3521,LGG
3522,LGG
3523,LGG
3524,LGG
3525,LGG
3526,LGG
3527,LGG
3528,LGG
3529,LGG
3530,LGG
3531,LGG
3532,LGG
3533,LGG
3534,LGG
3535,LGG
3536,LGG
3537,LGG
3538,LGG
3539,LGG
3540,LGG
3541,LGG
3542,LGG
3543,LGG
3544,LGG
3545,LGG
3546,LGG
3547,LGG
3548,LGG
3549,LGG
3550,LGG
3551,LGG
3552,LGG
3553,LGG
3554,LGG
3555,LGG
3556,LGG
3557,LGG
3558,LGG
3559,LGG
3560,LGG
3561,LGG
3562,LGG
3563,LGG
3564,LGG
3565,LGG
3566,LGG
3567,LGG
3568,LGG
3569,LGG
3570,LGG
3571,LGG
3572,LGG
3573,LGG
3574,LGG
3575,LGG
3576,LGG
3577,LGG
3578,LGG
3579,LGG
3580,LGG
3581,LGG
3582,LGG
3583,LGG
3584,LGG
3585,LGG
3586,LGG
3587,LGG
3588,LGG
3589,LGG
3590,LGG
3591,LGG
3592,LGG
3593,LGG
3594,LGG
3595,LGG
3596,LGG
3597,LGG
3598,LGG
3599,LGG
3600,LGG
3601,LGG
3602,LGG
3603,LGG
3604,LGG
3605,LGG
3606,LGG
3607,LGG
3608,LGG
3609,LGG
3610,LGG
3611,LGG
3612,LGG
3613,LGG
3614,LGG
3615,LGG
3616,LGG
3617,LGG
3618,LGG
3619,LGG
3620,LGG
3621,LGG
3622,LGG
3623,LGG
3624,LGG
3625,LGG
3626,LGG
3627,LGG
3628,LGG
3629,LGG
3630,LGG
3631,LGG
3632,LGG
3633,LGG
3634,LGG
3635,LGG
3636,LGG
3637,LGG
3638,LGG
3639,LGG
3640,LGG
3641,LGG
3642,LGG
3643,LGG
3644,LGG
3645,LGG
3646,LGG
3647,LGG
3648,LGG
3649,LGG
3650,LGG
3651,LGG
3652,LGG
3653,LGG
3654,LGG
3655,LGG
3656,LGG
3657,LGG
3658,LGG
3659,LGG
3660,LGG
3661,LGG
3662,LGG
3663,LGG
3664,LGG
3665,LGG
3666,LGG
3667,LGG
3668,LGG
3669,LGG
3670,LGG
3671,LGG
3672,LGG
3673,LGG
3674,LGG
3675,LGG
3676,LGG
3677,LGG
3678,LGG
3679,LGG
3680,LGG
3681,LGG
3682,LGG
3683,LGG
3684,LGG
3685,LGG
3686,LGG
3687,LGG
3688,LGG
3689,LGG
3690,LGG
3691,LGG
3692,LGG
3693,LGG
3694,LGG
3695,LGG
3696,LGG
3697,LGG
3698,LGG
3699,LGG
3700,LGG
3701,LGG
3702,LGG
3703,LGG
3704,LGG
3705,LGG
3706,LGG
3707,LGG
3708,LGG
3709,LGG
3710,LGG
3711,LGG
3712,LGG
3713,LGG
3714,LGG
3715,LGG
3716,LGG
3717,LGG
3718,LGG
3719,LGG
3720,LGG
3721,LGG
3722,LGG
3723,LGG
3724,LGG
3725,LGG
3726,LGG
3727,LGG
3728,LGG
3729,LGG
3730,LGG
3731,LGG
3732,LGG
3733,LGG
3734,LGG
3735,LGG
3736,LGG
3737,LGG
3738,LGG
3739,LGG
3740,LGG
3741,LGG
3742,LGG
3743,LGG
3744,LGG
3745,LGG
3746,LGG
3747,LGG
3748,LGG
3749,LGG
3750,LGG
3751,LGG
3752,LGG
3753,LGG
3754,LGG
3755,LGG
3756,LGG
3757,LGG
3758,LGG
3759,LGG
3760,LGG
3761,LGG
3762,LGG
3763,LGG
3764,LGG
3765,LGG
3766,LGG
3767,LGG
3768,LGG
3769,LGG
3770,LGG
3771,LGG
3772,LGG
3773,LGG
3774,LGG
3775,LGG
3776,LGG
3777,LGG
3778,LGG
3779,LGG
3780,LGG
3781,LGG
3782,LGG
3783,LGG
3784,LGG
3785,LGG
3786,LGG
3787,LGG
3788,LGG
3789,LGG
3790,LGG
3791,LGG
3792,LGG
3793,LGG
3794,LGG
3795,LGG
3796,LGG
3797,LGG
3798,LGG
3799,LGG
3800,LGG
3801,LGG
3802,LGG
3803,LGG
3804,LGG
3805,LGG
3806,LGG
3807,LGG
3808,LGG
3809,LGG
3810,LGG
3811,LGG
3812,LGG
3813,LGG
3814,LGG
3815,LGG
3816,LGG
3817,LGG
3818,LGG
3819,LGG
3820,LGG
3821,LGG
3822,LGG
3823,LGG
3824,LGG
3825,LGG
3826,LGG
3827,LGG
3828,LGG
3829,LGG
3830,LGG
3831,LGG
3832,LGG
3833,LGG
3834,LGG
3835,LGG
3836,LGG
3837,LGG
3838,LGG
3839,LGG
3840,LGG
3841,LGG
3842,LGG
3843,LGG
3844,LGG
3845,LGG
3846,LGG
3847,LGG
3848,LGG
3849,LGG
3850,LGG
3851,LGG
3852,LGG
3853,LGG
3854,LGG
3855,LGG
3856,LGG
3857,LGG
3858,LGG
3859,LGG
3860,LGG
3861,LGG
3862,LGG
3863,LGG
3864,LGG
3865,LGG
3866,LGG
3867,LGG
3868,LGG
3869,LGG
3870,LGG
3871,LGG
3872,LGG
3873,LGG
3874,LGG
3875,LGG
3876,LGG
3877,LGG
3878,LGG
3879,LGG
3880,LGG
3881,LGG
3882,LGG
3883,LGG
3884,LGG
3885,LGG
3886,LGG
3887,LGG
3888,LGG
3889,LGG
3890,LGG
3891,LGG
3892,LGG
3893,LGG
3894,LGG
3895,LGG
3896,LGG
3897,LGG
3898,LGG
3899,LGG
3900,LGG
3901,LGG
3902,LGG
3903,LGG
3904,LGG
3905,LGG
3906,LGG
3907,LGG
3908,LGG
3909,LGG
3910,LGG
3911,LGG
3912,LGG
3913,LGG
3914,LGG
3915,LGG
3916,LGG
3917,LGG
3918,LGG
3919,LGG
3920,LGG
3921,LGG
3922,LGG
3923,LGG
3924,LGG
3925,LGG
3926,LGG
3927,LGG
3928,LGG
3929,LGG
3930,LGG
3931,LGG
3932,LGG
3933,LGG
3934,LGG
3935,LGG
3936,LGG
3937,LGG
3938,LGG
3939,LGG
3940,LGG
3941,LGG
3942,LGG
3943,LGG
3944,LGG
3945,LGG
3946,LGG
3947,LGG
3948,LGG
3949,LGG
3950,LGG
3951,LGG
3952,LGG
3953,LGG
3954,LGG
3955,LGG
3956,LGG
3957,LGG
3958,LGG
3959,LGG
3960,LGG
3961,LGG
3962,LGG
3963,LIHC
3964,LIHC
3965,LIHC
3966,LIHC
3967,LIHC
3968,LIHC
3969,LIHC
3970,LIHC
3971,LIHC
3972,LIHC
3973,LIHC
3974,LIHC
3975,LIHC
3976,LIHC
3977,LIHC
3978,LIHC
3979,LIHC
3980,LIHC
3981,LIHC
3982,LIHC
3983,LIHC
3984,LIHC
3985,LIHC
3986,LIHC
3987,LIHC
3988,LIHC
3989,LIHC
3990,LIHC
3991,LIHC
3992,LIHC
3993,LIHC
3994,LIHC
3995,LIHC
3996,LIHC
3997,LIHC
3998,LIHC
3999,LIHC
4000,LIHC
4001,LIHC
4002,LIHC
4003,LIHC
4004,LIHC
4005,LIHC
4006,LIHC
4007,LIHC
4008,LIHC
4009,LIHC
4010,LIHC
4011,LIHC
4012,LIHC
4013,LIHC
4014,LIHC
4015,LIHC
4016,LIHC
4017,LIHC
4018,LIHC
4019,LIHC
4020,LIHC
4021,LIHC
4022,LIHC
4023,LIHC
4024,LIHC
4025,LIHC
4026,LIHC
4027,LIHC
4028,LIHC
4029,LIHC
4030,LIHC
4031,LIHC
4032,LIHC
4033,LIHC
4034,LIHC
4035,LIHC
4036,LIHC
4037,LIHC
4038,LIHC
4039,LIHC
4040,LIHC
4041,LIHC
4042,LIHC
4043,LIHC
4044,LIHC
4045,LIHC
4046,LIHC
4047,LIHC
4048,LIHC
4049,LIHC
4050,LIHC
4051,LIHC
4052,LIHC
4053,LIHC
4054,LIHC
4055,LIHC
4056,LIHC
4057,LIHC
4058,LIHC
4059,LIHC
4060,LIHC
4061,LIHC
4062,LIHC
4063,LIHC
4064,LIHC
4065,LIHC
4066,LIHC
4067,LIHC
4068,LIHC
4069,LIHC
4070,LIHC
4071,LIHC
4072,LIHC
4073,LIHC
4074,LIHC
4075,LIHC
4076,LIHC
4077,LIHC
4078,LIHC
4079,LIHC
4080,LIHC
4081,LIHC
4082,LIHC
4083,LIHC
4084,LIHC
4085,LIHC
4086,LIHC
4087,LIHC
4088,LIHC
4089,LIHC
4090,LIHC
4091,LIHC
4092,LIHC
4093,LIHC
4094,LIHC
4095,LIHC
4096,LIHC
4097,LIHC
4098,LIHC
4099,LIHC
4100,LIHC
4101,LIHC
4102,LIHC
4103,LIHC
4104,LIHC
4105,LIHC
4106,LIHC
4107,LIHC
4108,LIHC
4109,LIHC
4110,LIHC
4111,LIHC
4112,LIHC
4113,LIHC
4114,LIHC
4115,LIHC
4116,LIHC
4117,LIHC
4118,LIHC
4119,LIHC
4120,LIHC
4121,LIHC
4122,LIHC
4123,LIHC
4124,LIHC
4125,LIHC
4126,LIHC
4127,LIHC
4128,LIHC
4129,LIHC
4130,LIHC
4131,LIHC
4132,LIHC
4133,LIHC
4134,LIHC
4135,LIHC
4136,LIHC
4137,LIHC
4138,LIHC
4139,LIHC
4140,LIHC
4141,LIHC
4142,LIHC
4143,LIHC
4144,LIHC
4145,LIHC
4146,LIHC
4147,LIHC
4148,LIHC
4149,LIHC
4150,LIHC
4151,LIHC
4152,LIHC
4153,LIHC
4154,LIHC
4155,LIHC
4156,LIHC
4157,LIHC
4158,LIHC
4159,LIHC
4160,LIHC
4161,LIHC
4162,LIHC
4163,LIHC
4164,LIHC
4165,LIHC
4166,LIHC
4167,LIHC
4168,LIHC
4169,LIHC
4170,LIHC
4171,LIHC
4172,LIHC
4173,LIHC
4174,LIHC
4175,LIHC
4176,LIHC
4177,LIHC
4178,LIHC
4179,LIHC
4180,LIHC
4181,LIHC
4182,LIHC
4183,LIHC
4184,LIHC
4185,LIHC
4186,LIHC
4187,LIHC
4188,LIHC
4189,LIHC
4190,LIHC
4191,LIHC
4192,LIHC
4193,LIHC
4194,LIHC
4195,LIHC
4196,LIHC
4197,LIHC
4198,LIHC
4199,LIHC
4200,LIHC
4201,LIHC
4202,LIHC
4203,LIHC
4204,LIHC
4205,LIHC
4206,LIHC
4207,LIHC
4208,LIHC
4209,LIHC
4210,LIHC
4211,LIHC
4212,LIHC
4213,LIHC
4214,LIHC
4215,LIHC
4216,LIHC
4217,LIHC
4218,LIHC
4219,LIHC
4220,LIHC
4221,LIHC
4222,LIHC
4223,LIHC
4224,LIHC
4225,LIHC
4226,LIHC
4227,LIHC
4228,LIHC
4229,LIHC
4230,LIHC
4231,LIHC
4232,LIHC
4233,LIHC
4234,LIHC
4235,LIHC
4236,LIHC
4237,LIHC
4238,LIHC
4239,LIHC
4240,LIHC
4241,LIHC
4242,LIHC
4243,LIHC
4244,LIHC
4245,LIHC
4246,LIHC
4247,LIHC
4248,LIHC
4249,LIHC
4250,LIHC
4251,LIHC
4252,LIHC
4253,LIHC
4254,LIHC
4255,LIHC
4256,LIHC
4257,LIHC
4258,LIHC
4259,LIHC
4260,LIHC
4261,LIHC
4262,LIHC
4263,LIHC
4264,LIHC
4265,LIHC
4266,LIHC
4267,LIHC
4268,LIHC
4269,LIHC
4270,LIHC
4271,LIHC
4272,LIHC
4273,LIHC
4274,LIHC
4275,LIHC
4276,LIHC
4277,LIHC
4278,LIHC
4279,LIHC
4280,LIHC
4281,LIHC
4282,LIHC
4283,LIHC
4284,LIHC
4285,LIHC
4286,LIHC
4287,LIHC
4288,LIHC
4289,LIHC
4290,LIHC
4291,LIHC
4292,LIHC
4293,LIHC
4294,LIHC
4295,LIHC
4296,LIHC
4297,LIHC
4298,LIHC
4299,LIHC
4300,LIHC
4301,LIHC
4302,LIHC
4303,LIHC
4304,LIHC
4305,LIHC
4306,LIHC
4307,LIHC
4308,LIHC
4309,LIHC
4310,LIHC
4311,LIHC
4312,LIHC
4313,LIHC
4314,LIHC
4315,LIHC
4316,LIHC
4317,LIHC
4318,LIHC
4319,LIHC
4320,LIHC
4321,LIHC
4322,LIHC
4323,LIHC
4324,LIHC
4325,LIHC
4326,LIHC
4327,LIHC
4328,LIHC
4329,LIHC
4330,LIHC
4331,LIHC
4332,LIHC
4333,LIHC
4334,LIHC
4335,LIHC
4336,LIHC
4337,LIHC
4338,LIHC
4339,LIHC
4340,LIHC
4341,LIHC
4342,LIHC
4343,LIHC
4344,LIHC
4345,LIHC
4346,LIHC
4347,LIHC
4348,LIHC
4349,LIHC
4350,LIHC
4351,LIHC
4352,LIHC
4353,LIHC
4354,LIHC
4355,LIHC
4356,LIHC
4357,LIHC
4358,LIHC
4359,LIHC
4360,LIHC
4361,LIHC
4362,LIHC
4363,LIHC
4364,LIHC
4365,LIHC
4366,LIHC
4367,LIHC
4368,LIHC
4369,LIHC
4370,LIHC
4371,LIHC
4372,LIHC
4373,LIHC
4374,LIHC
4375,LIHC
4376,LIHC
4377,LIHC
4378,LIHC
4379,LIHC
4380,LIHC
4381,LIHC
4382,LUAD
4383,LUAD
4384,LUAD
4385,LUAD
4386,LUAD
4387,LUAD
4388,LUAD
4389,LUAD
4390,LUAD
4391,LUAD
4392,LUAD
4393,LUAD
4394,LUAD
4395,LUAD
4396,LUAD
4397,LUAD
4398,LUAD
4399,LUAD
4400,LUAD
4401,LUAD
4402,LUAD
4403,LUAD
4404,LUAD
4405,LUAD
4406,LUAD
4407,LUAD
4408,LUAD
4409,LUAD
4410,LUAD
4411,LUAD
4412,LUAD
4413,LUAD
4414,LUAD
4415,LUAD
4416,LUAD
4417,LUAD
4418,LUAD
4419,LUAD
4420,LUAD
4421,LUAD
4422,LUAD
4423,LUAD
4424,LUAD
4425,LUAD
4426,LUAD
4427,LUAD
4428,LUAD
4429,LUAD
4430,LUAD
4431,LUAD
4432,LUAD
4433,LUAD
4434,LUAD
4435,LUAD
4436,LUAD
4437,LUAD
4438,LUAD
4439,LUAD
4440,LUAD
4441,LUAD
4442,LUAD
4443,LUAD
4444,LUAD
4445,LUAD
4446,LUAD
4447,LUAD
4448,LUAD
4449,LUAD
4450,LUAD
4451,LUAD
4452,LUAD
4453,LUAD
4454,LUAD
4455,LUAD
4456,LUAD
4457,LUAD
4458,LUAD
4459,LUAD
4460,LUAD
4461,LUAD
4462,LUAD
4463,LUAD
4464,LUAD
4465,LUAD
4466,LUAD
4467,LUAD
4468,LUAD
4469,LUAD
4470,LUAD
4471,LUAD
4472,LUAD
4473,LUAD
4474,LUAD
4475,LUAD
4476,LUAD
4477,LUAD
4478,LUAD
4479,LUAD
4480,LUAD
4481,LUAD
4482,LUAD
4483,LUAD
4484,LUAD
4485,LUAD
4486,LUAD
4487,LUAD
4488,LUAD
4489,LUAD
4490,LUAD
4491,LUAD
4492,LUAD
4493,LUAD
4494,LUAD
4495,LUAD
4496,LUAD
4497,LUAD
4498,LUAD
4499,LUAD
4500,LUAD
4501,LUAD
4502,LUAD
4503,LUAD
4504,LUAD
4505,LUAD
4506,LUAD
4507,LUAD
4508,LUAD
4509,LUAD
4510,LUAD
4511,LUAD
4512,LUAD
4513,LUAD
4514,LUAD
4515,LUAD
4516,LUAD
4517,LUAD
4518,LUAD
4519,LUAD
4520,LUAD
4521,LUAD
4522,LUAD
4523,LUAD
4524,LUAD
4525,LUAD
4526,LUAD
4527,LUAD
4528,LUAD
4529,LUAD
4530,LUAD
4531,LUAD
4532,LUAD
4533,LUAD
4534,LUAD
4535,LUAD
4536,LUAD
4537,LUAD
4538,LUAD
4539,LUAD
4540,LUAD
4541,LUAD
4542,LUAD
4543,LUAD
4544,LUAD
4545,LUAD
4546,LUAD
4547,LUAD
4548,LUAD
4549,LUAD
4550,LUAD
4551,LUAD
4552,LUAD
4553,LUAD
4554,LUAD
4555,LUAD
4556,LUAD
4557,LUAD
4558,LUAD
4559,LUAD
4560,LUAD
4561,LUAD
4562,LUAD
4563,LUAD
4564,LUAD
4565,LUAD
4566,LUAD
4567,LUAD
4568,LUAD
4569,LUAD
4570,LUAD
4571,LUAD
4572,LUAD
4573,LUAD
4574,LUAD
4575,LUAD
4576,LUAD
4577,LUAD
4578,LUAD
4579,LUAD
4580,LUAD
4581,LUAD
4582,LUAD
4583,LUAD
4584,LUAD
4585,LUAD
4586,LUAD
4587,LUAD
4588,LUAD
4589,LUAD
4590,LUAD
4591,LUAD
4592,LUAD
4593,LUAD
4594,LUAD
4595,LUAD
4596,LUAD
4597,LUAD
4598,LUAD
4599,LUAD
4600,LUAD
4601,LUAD
4602,LUAD
4603,LUAD
4604,LUAD
4605,LUAD
4606,LUAD
4607,LUAD
4608,LUAD
4609,LUAD
4610,LUAD
4611,LUAD
4612,LUAD
4613,LUAD
4614,LUAD
4615,LUAD
4616,LUAD
4617,LUAD
4618,LUAD
4619,LUAD
4620,LUAD
4621,LUAD
4622,LUAD
4623,LUAD
4624,LUAD
4625,LUAD
4626,LUAD
4627,LUAD
4628,LUAD
4629,LUAD
4630,LUAD
4631,LUAD
4632,LUAD
4633,LUAD
4634,LUAD
4635,LUAD
4636,LUAD
4637,LUAD
4638,LUAD
4639,LUAD
4640,LUAD
4641,LUAD
4642,LUAD
4643,LUAD
4644,LUAD
4645,LUAD
4646,LUAD
4647,LUAD
4648,LUAD
4649,LUAD
4650,LUAD
4651,LUAD
4652,LUAD
4653,LUAD
4654,LUAD
4655,LUAD
4656,LUAD
4657,LUAD
4658,LUAD
4659,LUAD
4660,LUAD
4661,LUAD
4662,LUAD
4663,LUAD
4664,LUAD
4665,LUAD
4666,LUAD
4667,LUAD
4668,LUAD
4669,LUAD
4670,LUAD
4671,LUAD
4672,LUAD
4673,LUAD
4674,LUAD
4675,LUAD
4676,LUAD
4677,LUAD
4678,LUAD
4679,LUAD
4680,LUAD
4681,LUAD
4682,LUAD
4683,LUAD
4684,LUAD
4685,LUAD
4686,LUAD
4687,LUAD
4688,LUAD
4689,LUAD
4690,LUAD
4691,LUAD
4692,LUAD
4693,LUAD
4694,LUAD
4695,LUAD
4696,LUAD
4697,LUAD
4698,LUAD
4699,LUAD
4700,LUAD
4701,LUAD
4702,LUAD
4703,LUAD
4704,LUAD
4705,LUAD
4706,LUAD
4707,LUAD
4708,LUAD
4709,LUAD
4710,LUAD
4711,LUAD
4712,LUAD
4713,LUAD
4714,LUAD
4715,LUAD
4716,LUAD
4717,LUAD
4718,LUAD
4719,LUAD
4720,LUAD
4721,LUAD
4722,LUAD
4723,LUAD
4724,LUAD
4725,LUAD
4726,LUAD
4727,LUAD
4728,LUAD
4729,LUAD
4730,LUAD
4731,LUAD
4732,LUAD
4733,LUAD
4734,LUAD
4735,LUAD
4736,LUAD
4737,LUAD
4738,LUAD
4739,LUAD
4740,LUAD
4741,LUAD
4742,LUAD
4743,LUAD
4744,LUAD
4745,LUAD
4746,LUAD
4747,LUAD
4748,LUAD
4749,LUAD
4750,LUAD
4751,LUAD
4752,LUAD
4753,LUAD
4754,LUAD
4755,LUAD
4756,LUAD
4757,LUAD
4758,LUAD
4759,LUAD
4760,LUAD
4761,LUAD
4762,LUAD
4763,LUAD
4764,LUAD
4765,LUAD
4766,LUAD
4767,LUAD
4768,LUAD
4769,LUAD
4770,LUAD
4771,LUAD
4772,LUAD
4773,LUAD
4774,LUAD
4775,LUAD
4776,LUAD
4777,LUAD
4778,LUAD
4779,LUAD
4780,LUAD
4781,LUAD
4782,LUAD
4783,LUAD
4784,LUAD
4785,LUAD
4786,LUAD
4787,LUAD
4788,LUAD
4789,LUAD
4790,LUAD
4791,LUAD
4792,LUAD
4793,LUAD
4794,LUAD
4795,LUAD
4796,LUAD
4797,LUAD
4798,LUAD
4799,LUAD
4800,LUAD
4801,LUAD
4802,LUAD
4803,LUAD
4804,LUAD
4805,LUAD
4806,LUAD
4807,LUAD
4808,LUAD
4809,LUAD
4810,LUAD
4811,LUAD
4812,LUAD
4813,LUAD
4814,LUAD
4815,LUAD
4816,LUAD
4817,LUAD
4818,LUAD
4819,LUAD
4820,LUAD
4821,LUAD
4822,LUAD
4823,LUAD
4824,LUAD
4825,LUAD
4826,LUAD
4827,LUAD
4828,LUAD
4829,LUAD
4830,LUAD
4831,LUAD
4832,LUAD
4833,LUAD
4834,LUAD
4835,LUAD
4836,LUAD
4837,LUAD
4838,LUAD
4839,LUAD
4840,LUAD
4841,LUAD
4842,LUAD
4843,LUAD
4844,LUAD
4845,LUAD
4846,LUAD
4847,LUAD
4848,LUAD
4849,LUAD
4850,LUAD
4851,LUSC
4852,LUSC
4853,LUSC
4854,LUSC
4855,LUSC
4856,LUSC
4857,LUSC
4858,LUSC
4859,LUSC
4860,LUSC
4861,LUSC
4862,LUSC
4863,LUSC
4864,LUSC
4865,LUSC
4866,LUSC
4867,LUSC
4868,LUSC
4869,LUSC
4870,LUSC
4871,LUSC
4872,LUSC
4873,LUSC
4874,LUSC
4875,LUSC
4876,LUSC
4877,LUSC
4878,LUSC
4879,LUSC
4880,LUSC
4881,LUSC
4882,LUSC
4883,LUSC
4884,LUSC
4885,LUSC
4886,LUSC
4887,LUSC
4888,LUSC
4889,LUSC
4890,LUSC
4891,LUSC
4892,LUSC
4893,LUSC
4894,LUSC
4895,LUSC
4896,LUSC
4897,LUSC
4898,LUSC
4899,LUSC
4900,LUSC
4901,LUSC
4902,LUSC
4903,LUSC
4904,LUSC
4905,LUSC
4906,LUSC
4907,LUSC
4908,LUSC
4909,LUSC
4910,LUSC
4911,LUSC
4912,LUSC
4913,LUSC
4914,LUSC
4915,LUSC
4916,LUSC
4917,LUSC
4918,LUSC
4919,LUSC
4920,LUSC
4921,LUSC
4922,LUSC
4923,LUSC
4924,LUSC
4925,LUSC
4926,LUSC
4927,LUSC
4928,LUSC
4929,LUSC
4930,LUSC
4931,LUSC
4932,LUSC
4933,LUSC
4934,LUSC
4935,LUSC
4936,LUSC
4937,LUSC
4938,LUSC
4939,LUSC
4940,LUSC
4941,LUSC
4942,LUSC
4943,LUSC
4944,LUSC
4945,LUSC
4946,LUSC
4947,LUSC
4948,LUSC
4949,LUSC
4950,LUSC
4951,LUSC
4952,LUSC
4953,LUSC
4954,LUSC
4955,LUSC
4956,LUSC
4957,LUSC
4958,LUSC
4959,LUSC
4960,LUSC
4961,LUSC
4962,LUSC
4963,LUSC
4964,LUSC
4965,LUSC
4966,LUSC
4967,LUSC
4968,LUSC
4969,LUSC
4970,LUSC
4971,LUSC
4972,LUSC
4973,LUSC
4974,LUSC
4975,LUSC
4976,LUSC
4977,LUSC
4978,LUSC
4979,LUSC
4980,LUSC
4981,LUSC
4982,LUSC
4983,LUSC
4984,LUSC
4985,LUSC
4986,LUSC
4987,LUSC
4988,LUSC
4989,LUSC
4990,LUSC
4991,LUSC
4992,LUSC
4993,LUSC
4994,LUSC
4995,LUSC
4996,LUSC
4997,LUSC
4998,LUSC
4999,LUSC
5000,LUSC
5001,LUSC
5002,LUSC
5003,LUSC
5004,LUSC
5005,LUSC
5006,LUSC
5007,LUSC
5008,LUSC
5009,LUSC
5010,LUSC
5011,LUSC
5012,LUSC
5013,LUSC
5014,LUSC
5015,LUSC
5016,LUSC
5017,LUSC
5018,LUSC
5019,LUSC
5020,LUSC
5021,LUSC
5022,LUSC
5023,LUSC
5024,LUSC
5025,LUSC
5026,LUSC
5027,LUSC
5028,LUSC
5029,LUSC
5030,LUSC
5031,LUSC
5032,LUSC
5033,LUSC
5034,LUSC
5035,LUSC
5036,LUSC
5037,LUSC
5038,LUSC
5039,LUSC
5040,LUSC
5041,LUSC
5042,LUSC
5043,LUSC
5044,LUSC
5045,LUSC
5046,LUSC
5047,LUSC
5048,LUSC
5049,LUSC
5050,LUSC
5051,LUSC
5052,LUSC
5053,LUSC
5054,LUSC
5055,LUSC
5056,LUSC
5057,LUSC
5058,LUSC
5059,LUSC
5060,LUSC
5061,LUSC
5062,LUSC
5063,LUSC
5064,LUSC
5065,LUSC
5066,LUSC
5067,LUSC
5068,LUSC
5069,LUSC
5070,LUSC
5071,LUSC
5072,LUSC
5073,LUSC
5074,LUSC
5075,LUSC
5076,LUSC
5077,LUSC
5078,LUSC
5079,LUSC
5080,LUSC
5081,LUSC
5082,LUSC
5083,LUSC
5084,LUSC
5085,LUSC
5086,LUSC
5087,LUSC
5088,LUSC
5089,LUSC
5090,LUSC
5091,LUSC
5092,LUSC
5093,LUSC
5094,LUSC
5095,LUSC
5096,LUSC
5097,LUSC
5098,LUSC
5099,LUSC
5100,LUSC
5101,LUSC
5102,LUSC
5103,LUSC
5104,LUSC
5105,LUSC
5106,LUSC
5107,LUSC
5108,LUSC
5109,LUSC
5110,LUSC
5111,LUSC
5112,LUSC
5113,LUSC
5114,LUSC
5115,LUSC
5116,LUSC
5117,LUSC
5118,LUSC
5119,LUSC
5120,LUSC
5121,LUSC
5122,LUSC
5123,LUSC
5124,LUSC
5125,LUSC
5126,LUSC
5127,LUSC
5128,LUSC
5129,LUSC
5130,LUSC
5131,LUSC
5132,LUSC
5133,LUSC
5134,LUSC
5135,LUSC
5136,LUSC
5137,LUSC
5138,LUSC
5139,LUSC
5140,LUSC
5141,LUSC
5142,LUSC
5143,LUSC
5144,LUSC
5145,LUSC
5146,LUSC
5147,LUSC
5148,LUSC
5149,LUSC
5150,LUSC
5151,LUSC
5152,LUSC
5153,LUSC
5154,LUSC
5155,LUSC
5156,LUSC
5157,LUSC
5158,LUSC
5159,LUSC
5160,LUSC
5161,LUSC
5162,LUSC
5163,LUSC
5164,LUSC
5165,LUSC
5166,LUSC
5167,LUSC
5168,LUSC
5169,LUSC
5170,LUSC
5171,LUSC
5172,LUSC
5173,LUSC
5174,LUSC
5175,LUSC
5176,LUSC
5177,LUSC
5178,LUSC
5179,LUSC
5180,LUSC
5181,LUSC
5182,LUSC
5183,LUSC
5184,LUSC
5185,LUSC
5186,LUSC
5187,LUSC
5188,LUSC
5189,LUSC
5190,LUSC
5191,LUSC
5192,LUSC
5193,LUSC
5194,LUSC
5195,LUSC
5196,LUSC
5197,LUSC
5198,LUSC
5199,LUSC
5200,LUSC
5201,LUSC
5202,LUSC
5203,LUSC
5204,LUSC
5205,LUSC
5206,LUSC
5207,LUSC
5208,LUSC
5209,LUSC
5210,LUSC
5211,LUSC
5212,LUSC
5213,LUSC
5214,LUSC
5215,LUSC
5216,LUSC
5217,LUSC
5218,LUSC
5219,LUSC
5220,LUSC
5221,LUSC
5222,LUSC
5223,LUSC
5224,LUSC
5225,LUSC
5226,LUSC
5227,LUSC
5228,LUSC
5229,LUSC
5230,LUSC
5231,MESO
5232,MESO
5233,MESO
5234,MESO
5235,MESO
5236,MESO
5237,MESO
5238,MESO
5239,MESO
5240,MESO
5241,MESO
5242,MESO
5243,MESO
5244,MESO
5245,MESO
5246,MESO
5247,MESO
5248,MESO
5249,MESO
5250,MESO
5251,MESO
5252,MESO
5253,MESO
5254,MESO
5255,MESO
5256,MESO
5257,MESO
5258,MESO
5259,MESO
5260,MESO
5261,MESO
5262,MESO
5263,MESO
5264,MESO
5265,MESO
5266,MESO
5267,MESO
5268,MESO
5269,MESO
5270,MESO
5271,MESO
5272,MESO
5273,MESO
5274,MESO
5275,MESO
5276,MESO
5277,MESO
5278,MESO
5279,MESO
5280,MESO
5281,MESO
5282,MESO
5283,MESO
5284,MESO
5285,MESO
5286,MESO
5287,MESO
5288,MESO
5289,MESO
5290,MESO
5291,MESO
5292,MESO
5293,MESO
5294,MESO
5295,MESO
5296,MESO
5297,MESO
5298,MESO
5299,MESO
5300,MESO
5301,MESO
5302,MESO
5303,MESO
5304,MESO
5305,MESO
5306,MESO
5307,MESO
5308,MESO
5309,MESO
5310,MESO
5311,MESO
5312,MESO
5313,MESO
5314,MESO
5315,MESO
5316,MESO
5317,MESO
5318,OV
5319,OV
5320,OV
5321,OV
5322,OV
5323,OV
5324,OV
5325,OV
5326,OV
5327,OV
5328,OV
5329,OV
5330,OV
5331,OV
5332,OV
5333,OV
5334,OV
5335,OV
5336,OV
5337,OV
5338,OV
5339,OV
5340,OV
5341,OV
5342,OV
5343,OV
5344,OV
5345,OV
5346,OV
5347,OV
5348,OV
5349,OV
5350,OV
5351,OV
5352,OV
5353,OV
5354,OV
5355,OV
5356,OV
5357,OV
5358,OV
5359,OV
5360,OV
5361,OV
5362,OV
5363,OV
5364,OV
5365,OV
5366,OV
5367,OV
5368,OV
5369,OV
5370,OV
5371,OV
5372,OV
5373,OV
5374,OV
5375,OV
5376,OV
5377,OV
5378,OV
5379,OV
5380,OV
5381,OV
5382,OV
5383,OV
5384,OV
5385,OV
5386,OV
5387,OV
5388,OV
5389,OV
5390,OV
5391,OV
5392,OV
5393,OV
5394,OV
5395,OV
5396,OV
5397,OV
5398,OV
5399,OV
5400,OV
5401,OV
5402,OV
5403,OV
5404,OV
5405,OV
5406,OV
5407,OV
5408,OV
5409,OV
5410,OV
5411,OV
5412,OV
5413,OV
5414,OV
5415,OV
5416,OV
5417,OV
5418,OV
5419,OV
5420,OV
5421,OV
5422,OV
5423,OV
5424,OV
5425,OV
5426,OV
5427,OV
5428,OV
5429,OV
5430,OV
5431,OV
5432,OV
5433,OV
5434,OV
5435,OV
5436,OV
5437,OV
5438,OV
5439,OV
5440,OV
5441,OV
5442,OV
5443,OV
5444,OV
5445,OV
5446,OV
5447,OV
5448,OV
5449,OV
5450,OV
5451,OV
5452,OV
5453,OV
5454,OV
5455,OV
5456,OV
5457,OV
5458,OV
5459,OV
5460,OV
5461,OV
5462,OV
5463,OV
5464,OV
5465,OV
5466,OV
5467,OV
5468,OV
5469,OV
5470,OV
5471,OV
5472,OV
5473,OV
5474,OV
5475,OV
5476,OV
5477,OV
5478,OV
5479,OV
5480,OV
5481,OV
5482,OV
5483,OV
5484,OV
5485,OV
5486,OV
5487,OV
5488,OV
5489,OV
5490,OV
5491,OV
5492,OV
5493,OV
5494,OV
5495,OV
5496,OV
5497,OV
5498,OV
5499,OV
5500,OV
5501,OV
5502,OV
5503,OV
5504,OV
5505,OV
5506,OV
5507,OV
5508,OV
5509,OV
5510,OV
5511,OV
5512,OV
5513,OV
5514,OV
5515,OV
5516,OV
5517,OV
5518,OV
5519,OV
5520,OV
5521,OV
5522,OV
5523,OV
5524,OV
5525,OV
5526,OV
5527,OV
5528,OV
5529,OV
5530,OV
5531,OV
5532,OV
5533,OV
5534,OV
5535,OV
5536,OV
5537,OV
5538,OV
5539,OV
5540,OV
5541,OV
5542,OV
5543,OV
5544,OV
5545,OV
5546,OV
5547,OV
5548,OV
5549,OV
5550,OV
5551,OV
5552,OV
5553,OV
5554,OV
5555,OV
5556,OV
5557,OV
5558,OV
5559,OV
5560,OV
5561,OV
5562,OV
5563,OV
5564,OV
5565,OV
5566,OV
5567,OV
5568,OV
5569,OV
5570,OV
5571,OV
5572,OV
5573,OV
5574,OV
5575,OV
5576,OV
5577,OV
5578,OV
5579,OV
5580,OV
5581,OV
5582,OV
5583,OV
5584,OV
5585,OV
5586,OV
5587,OV
5588,OV
5589,OV
5590,OV
5591,OV
5592,OV
5593,OV
5594,OV
5595,OV
5596,OV
5597,OV
5598,OV
5599,OV
5600,OV
5601,OV
5602,OV
5603,OV
5604,OV
5605,OV
5606,OV
5607,OV
5608,OV
5609,PAAD
5610,PAAD
5611,PAAD
5612,PAAD
5613,PAAD
5614,PAAD
5615,PAAD
5616,PAAD
5617,PAAD
5618,PAAD
5619,PAAD
5620,PAAD
5621,PAAD
5622,PAAD
5623,PAAD
5624,PAAD
5625,PAAD
5626,PAAD
5627,PAAD
5628,PAAD
5629,PAAD
5630,PAAD
5631,PAAD
5632,PAAD
5633,PAAD
5634,PAAD
5635,PAAD
5636,PAAD
5637,PAAD
5638,PAAD
5639,PAAD
5640,PAAD
5641,PAAD
5642,PAAD
5643,PAAD
5644,PAAD
5645,PAAD
5646,PAAD
5647,PAAD
5648,PAAD
5649,PAAD
5650,PAAD
5651,PAAD
5652,PAAD
5653,PAAD
5654,PAAD
5655,PAAD
5656,PAAD
5657,PAAD
5658,PAAD
5659,PAAD
5660,PAAD
5661,PAAD
5662,PAAD
5663,PAAD
5664,PAAD
5665,PAAD
5666,PAAD
5667,PAAD
5668,PAAD
5669,PAAD
5670,PAAD
5671,PAAD
5672,PAAD
5673,PAAD
5674,PAAD
5675,PAAD
5676,PAAD
5677,PAAD
5678,PAAD
5679,PAAD
5680,PAAD
5681,PAAD
5682,PAAD
5683,PAAD
5684,PAAD
5685,PAAD
5686,PAAD
5687,PAAD
5688,PAAD
5689,PAAD
5690,PAAD
5691,PAAD
5692,PAAD
5693,PAAD
5694,PAAD
5695,PAAD
5696,PAAD
5697,PAAD
5698,PAAD
5699,PAAD
5700,PAAD
5701,PAAD
5702,PAAD
5703,PAAD
5704,PAAD
5705,PAAD
5706,PAAD
5707,PAAD
5708,PAAD
5709,PAAD
5710,PAAD
5711,PAAD
5712,PAAD
5713,PAAD
5714,PAAD
5715,PAAD
5716,PAAD
5717,PAAD
5718,PAAD
5719,PAAD
5720,PAAD
5721,PAAD
5722,PAAD
5723,PAAD
5724,PAAD
5725,PAAD
5726,PAAD
5727,PAAD
5728,PAAD
5729,PAAD
5730,PAAD
5731,PAAD
5732,PAAD
5733,PAAD
5734,PAAD
5735,PAAD
5736,PAAD
5737,PAAD
5738,PAAD
5739,PAAD
5740,PAAD
5741,PAAD
5742,PAAD
5743,PAAD
5744,PAAD
5745,PAAD
5746,PAAD
5747,PAAD
5748,PAAD
5749,PAAD
5750,PAAD
5751,PAAD
5752,PAAD
5753,PAAD
5754,PAAD
5755,PAAD
5756,PAAD
5757,PAAD
5758,PAAD
5759,PAAD
5760,PAAD
5761,PAAD
5762,PAAD
5763,PAAD
5764,PAAD
5765,PAAD
5766,PAAD
5767,PAAD
5768,PAAD
5769,PAAD
5770,PAAD
5771,PAAD
5772,PAAD
5773,PAAD
5774,PAAD
5775,PAAD
5776,PAAD
5777,PAAD
5778,PAAD
5779,PAAD
5780,PAAD
5781,PAAD
5782,PAAD
5783,PAAD
5784,PAAD
5785,PAAD
5786,PAAD
5787,PAAD
5788,PAAD
5789,PAAD
5790,PAAD
5791,PAAD
5792,PCPG
5793,PCPG
5794,PCPG
5795,PCPG
5796,PCPG
5797,PCPG
5798,PCPG
5799,PCPG
5800,PCPG
5801,PCPG
5802,PCPG
5803,PCPG
5804,PCPG
5805,PCPG
5806,PCPG
5807,PCPG
5808,PCPG
5809,PCPG
5810,PCPG
5811,PCPG
5812,PCPG
5813,PCPG
5814,PCPG
5815,PCPG
5816,PCPG
5817,PCPG
5818,PCPG
5819,PCPG
5820,PCPG
5821,PCPG
5822,PCPG
5823,PCPG
5824,PCPG
5825,PCPG
5826,PCPG
5827,PCPG
5828,PCPG
5829,PCPG
5830,PCPG
5831,PCPG
5832,PCPG
5833,PCPG
5834,PCPG
5835,PCPG
5836,PCPG
5837,PCPG
5838,PCPG
5839,PCPG
5840,PCPG
5841,PCPG
5842,PCPG
5843,PCPG
5844,PCPG
5845,PCPG
5846,PCPG
5847,PCPG
5848,PCPG
5849,PCPG
5850,PCPG
5851,PCPG
5852,PCPG
5853,PCPG
5854,PCPG
5855,PCPG
5856,PCPG
5857,PCPG
5858,PCPG
5859,PCPG
5860,PCPG
5861,PCPG
5862,PCPG
5863,PCPG
5864,PCPG
5865,PCPG
5866,PCPG
5867,PCPG
5868,PCPG
5869,PCPG
5870,PCPG
5871,PCPG
5872,PCPG
5873,PCPG
5874,PCPG
5875,PCPG
5876,PCPG
5877,PCPG
5878,PCPG
5879,PCPG
5880,PCPG
5881,PCPG
5882,PCPG
5883,PCPG
5884,PCPG
5885,PCPG
5886,PCPG
5887,PCPG
5888,PCPG
5889,PCPG
5890,PCPG
5891,PCPG
5892,PCPG
5893,PCPG
5894,PCPG
5895,PCPG
5896,PCPG
5897,PCPG
5898,PCPG
5899,PCPG
5900,PCPG
5901,PCPG
5902,PCPG
5903,PCPG
5904,PCPG
5905,PCPG
5906,PCPG
5907,PCPG
5908,PCPG
5909,PCPG
5910,PCPG
5911,PCPG
5912,PCPG
5913,PCPG
5914,PCPG
5915,PCPG
5916,PCPG
5917,PCPG
5918,PCPG
5919,PCPG
5920,PCPG
5921,PCPG
5922,PCPG
5923,PCPG
5924,PCPG
5925,PCPG
5926,PCPG
5927,PCPG
5928,PCPG
5929,PCPG
5930,PCPG
5931,PCPG
5932,PCPG
5933,PCPG
5934,PCPG
5935,PCPG
5936,PCPG
5937,PCPG
5938,PCPG
5939,PCPG
5940,PCPG
5941,PCPG
5942,PCPG
5943,PCPG
5944,PCPG
5945,PCPG
5946,PCPG
5947,PCPG
5948,PCPG
5949,PCPG
5950,PCPG
5951,PCPG
5952,PCPG
5953,PCPG
5954,PCPG
5955,PCPG
5956,PCPG
5957,PCPG
5958,PCPG
5959,PCPG
5960,PCPG
5961,PCPG
5962,PCPG
5963,PCPG
5964,PCPG
5965,PCPG
5966,PCPG
5967,PCPG
5968,PCPG
5969,PCPG
5970,PCPG
5971,PCPG
5972,PCPG
5973,PCPG
5974,PCPG
5975,PCPG
5976,PCPG
5977,PCPG
5978,PCPG
5979,PRAD
5980,PRAD
5981,PRAD
5982,PRAD
5983,PRAD
5984,PRAD
5985,PRAD
5986,PRAD
5987,PRAD
5988,PRAD
5989,PRAD
5990,PRAD
5991,PRAD
5992,PRAD
5993,PRAD
5994,PRAD
5995,PRAD
5996,PRAD
5997,PRAD
5998,PRAD
5999,PRAD
6000,PRAD
6001,PRAD
6002,PRAD
6003,PRAD
6004,PRAD
6005,PRAD
6006,PRAD
6007,PRAD
6008,PRAD
6009,PRAD
6010,PRAD
6011,PRAD
6012,PRAD
6013,PRAD
6014,PRAD
6015,PRAD
6016,PRAD
6017,PRAD
6018,PRAD
6019,PRAD
6020,PRAD
6021,PRAD
6022,PRAD
6023,PRAD
6024,PRAD
6025,PRAD
6026,PRAD
6027,PRAD
6028,PRAD
6029,PRAD
6030,PRAD
6031,PRAD
6032,PRAD
6033,PRAD
6034,PRAD
6035,PRAD
6036,PRAD
6037,PRAD
6038,PRAD
6039,PRAD
6040,PRAD
6041,PRAD
6042,PRAD
6043,PRAD
6044,PRAD
6045,PRAD
6046,PRAD
6047,PRAD
6048,PRAD
6049,PRAD
6050,PRAD
6051,PRAD
6052,PRAD
6053,PRAD
6054,PRAD
6055,PRAD
6056,PRAD
6057,PRAD
6058,PRAD
6059,PRAD
6060,PRAD
6061,PRAD
6062,PRAD
6063,PRAD
6064,PRAD
6065,PRAD
6066,PRAD
6067,PRAD
6068,PRAD
6069,PRAD
6070,PRAD
6071,PRAD
6072,PRAD
6073,PRAD
6074,PRAD
6075,PRAD
6076,PRAD
6077,PRAD
6078,PRAD
6079,PRAD
6080,PRAD
6081,PRAD
6082,PRAD
6083,PRAD
6084,PRAD
6085,PRAD
6086,PRAD
6087,PRAD
6088,PRAD
6089,PRAD
6090,PRAD
6091,PRAD
6092,PRAD
6093,PRAD
6094,PRAD
6095,PRAD
6096,PRAD
6097,PRAD
6098,PRAD
6099,PRAD
6100,PRAD
6101,PRAD
6102,PRAD
6103,PRAD
6104,PRAD
6105,PRAD
6106,PRAD
6107,PRAD
6108,PRAD
6109,PRAD
6110,PRAD
6111,PRAD
6112,PRAD
6113,PRAD
6114,PRAD
6115,PRAD
6116,PRAD
6117,PRAD
6118,PRAD
6119,PRAD
6120,PRAD
6121,PRAD
6122,PRAD
6123,PRAD
6124,PRAD
6125,PRAD
6126,PRAD
6127,PRAD
6128,PRAD
6129,PRAD
6130,PRAD
6131,PRAD
6132,PRAD
6133,PRAD
6134,PRAD
6135,PRAD
6136,PRAD
6137,PRAD
6138,PRAD
6139,PRAD
6140,PRAD
6141,PRAD
6142,PRAD
6143,PRAD
6144,PRAD
6145,PRAD
6146,PRAD
6147,PRAD
6148,PRAD
6149,PRAD
6150,PRAD
6151,PRAD
6152,PRAD
6153,PRAD
6154,PRAD
6155,PRAD
6156,PRAD
6157,PRAD
6158,PRAD
6159,PRAD
6160,PRAD
6161,PRAD
6162,PRAD
6163,PRAD
6164,PRAD
6165,PRAD
6166,PRAD
6167,PRAD
6168,PRAD
6169,PRAD
6170,PRAD
6171,PRAD
6172,PRAD
6173,PRAD
6174,PRAD
6175,PRAD
6176,PRAD
6177,PRAD
6178,PRAD
6179,PRAD
6180,PRAD
6181,PRAD
6182,PRAD
6183,PRAD
6184,PRAD
6185,PRAD
6186,PRAD
6187,PRAD
6188,PRAD
6189,PRAD
6190,PRAD
6191,PRAD
6192,PRAD
6193,PRAD
6194,PRAD
6195,PRAD
6196,PRAD
6197,PRAD
6198,PRAD
6199,PRAD
6200,PRAD
6201,PRAD
6202,PRAD
6203,PRAD
6204,PRAD
6205,PRAD
6206,PRAD
6207,PRAD
6208,PRAD
6209,PRAD
6210,PRAD
6211,PRAD
6212,PRAD
6213,PRAD
6214,PRAD
6215,PRAD
6216,PRAD
6217,PRAD
6218,PRAD
6219,PRAD
6220,PRAD
6221,PRAD
6222,PRAD
6223,PRAD
6224,PRAD
6225,PRAD
6226,PRAD
6227,PRAD
6228,PRAD
6229,PRAD
6230,PRAD
6231,PRAD
6232,PRAD
6233,PRAD
6234,PRAD
6235,PRAD
6236,PRAD
6237,PRAD
6238,PRAD
6239,PRAD
6240,PRAD
6241,PRAD
6242,PRAD
6243,PRAD
6244,PRAD
6245,PRAD
6246,PRAD
6247,PRAD
6248,PRAD
6249,PRAD
6250,PRAD
6251,PRAD
6252,PRAD
6253,PRAD
6254,PRAD
6255,PRAD
6256,PRAD
6257,PRAD
6258,PRAD
6259,PRAD
6260,PRAD
6261,PRAD
6262,PRAD
6263,PRAD
6264,PRAD
6265,PRAD
6266,PRAD
6267,PRAD
6268,PRAD
6269,PRAD
6270,PRAD
6271,PRAD
6272,PRAD
6273,PRAD
6274,PRAD
6275,PRAD
6276,PRAD
6277,PRAD
6278,PRAD
6279,PRAD
6280,PRAD
6281,PRAD
6282,PRAD
6283,PRAD
6284,PRAD
6285,PRAD
6286,PRAD
6287,PRAD
6288,PRAD
6289,PRAD
6290,PRAD
6291,PRAD
6292,PRAD
6293,PRAD
6294,PRAD
6295,PRAD
6296,PRAD
6297,PRAD
6298,PRAD
6299,PRAD
6300,PRAD
6301,PRAD
6302,PRAD
6303,PRAD
6304,PRAD
6305,PRAD
6306,PRAD
6307,PRAD
6308,PRAD
6309,PRAD
6310,PRAD
6311,PRAD
6312,PRAD
6313,PRAD
6314,PRAD
6315,PRAD
6316,PRAD
6317,PRAD
6318,PRAD
6319,PRAD
6320,PRAD
6321,PRAD
6322,PRAD
6323,PRAD
6324,PRAD
6325,PRAD
6326,PRAD
6327,PRAD
6328,PRAD
6329,PRAD
6330,PRAD
6331,PRAD
6332,PRAD
6333,PRAD
6334,PRAD
6335,PRAD
6336,PRAD
6337,PRAD
6338,PRAD
6339,PRAD
6340,PRAD
6341,PRAD
6342,PRAD
6343,PRAD
6344,PRAD
6345,PRAD
6346,PRAD
6347,PRAD
6348,PRAD
6349,PRAD
6350,PRAD
6351,PRAD
6352,PRAD
6353,PRAD
6354,PRAD
6355,PRAD
6356,PRAD
6357,PRAD
6358,PRAD
6359,PRAD
6360,PRAD
6361,PRAD
6362,PRAD
6363,PRAD
6364,PRAD
6365,PRAD
6366,PRAD
6367,PRAD
6368,PRAD
6369,PRAD
6370,PRAD
6371,PRAD
6372,PRAD
6373,PRAD
6374,PRAD
6375,PRAD
6376,PRAD
6377,PRAD
6378,PRAD
6379,PRAD
6380,PRAD
6381,PRAD
6382,PRAD
6383,PRAD
6384,PRAD
6385,PRAD
6386,PRAD
6387,PRAD
6388,PRAD
6389,PRAD
6390,PRAD
6391,PRAD
6392,PRAD
6393,PRAD
6394,PRAD
6395,PRAD
6396,PRAD
6397,PRAD
6398,PRAD
6399,PRAD
6400,PRAD
6401,PRAD
6402,PRAD
6403,PRAD
6404,PRAD
6405,PRAD
6406,PRAD
6407,PRAD
6408,PRAD
6409,PRAD
6410,PRAD
6411,PRAD
6412,PRAD
6413,PRAD
6414,PRAD
6415,PRAD
6416,PRAD
6417,PRAD
6418,PRAD
6419,PRAD
6420,PRAD
6421,PRAD
6422,PRAD
6423,PRAD
6424,PRAD
6425,PRAD
6426,PRAD
6427,PRAD
6428,PRAD
6429,PRAD
6430,PRAD
6431,PRAD
6432,PRAD
6433,PRAD
6434,PRAD
6435,PRAD
6436,PRAD
6437,PRAD
6438,PRAD
6439,PRAD
6440,PRAD
6441,PRAD
6442,PRAD
6443,PRAD
6444,PRAD
6445,PRAD
6446,PRAD
6447,PRAD
6448,PRAD
6449,PRAD
6450,PRAD
6451,PRAD
6452,PRAD
6453,PRAD
6454,PRAD
6455,PRAD
6456,PRAD
6457,PRAD
6458,PRAD
6459,PRAD
6460,PRAD
6461,PRAD
6462,PRAD
6463,PRAD
6464,PRAD
6465,PRAD
6466,PRAD
6467,PRAD
6468,PRAD
6469,PRAD
6470,PRAD
6471,PRAD
6472,PRAD
6473,PRAD
6474,PRAD
6475,PRAD
6476,PRAD
6477,PRAD
6478,PRAD
6479,PRAD
6480,PRAD
6481,PRAD
6482,PRAD
6483,PRAD
6484,PRAD
6485,PRAD
6486,PRAD
6487,PRAD
6488,PRAD
6489,PRAD
6490,PRAD
6491,PRAD
6492,PRAD
6493,PRAD
6494,PRAD
6495,PRAD
6496,PRAD
6497,PRAD
6498,PRAD
6499,PRAD
6500,PRAD
6501,PRAD
6502,PRAD
6503,PRAD
6504,PRAD
6505,PRAD
6506,PRAD
6507,PRAD
6508,PRAD
6509,PRAD
6510,PRAD
6511,PRAD
6512,PRAD
6513,PRAD
6514,PRAD
6515,PRAD
6516,PRAD
6517,PRAD
6518,PRAD
6519,PRAD
6520,PRAD
6521,PRAD
6522,PRAD
6523,PRAD
6524,PRAD
6525,READ
6526,READ
6527,READ
6528,READ
6529,READ
6530,READ
6531,READ
6532,READ
6533,READ
6534,READ
6535,READ
6536,READ
6537,READ
6538,READ
6539,READ
6540,READ
6541,READ
6542,READ
6543,READ
6544,READ
6545,READ
6546,READ
6547,READ
6548,READ
6549,READ
6550,READ
6551,READ
6552,READ
6553,READ
6554,READ
6555,READ
6556,READ
6557,READ
6558,READ
6559,READ
6560,READ
6561,READ
6562,READ
6563,READ
6564,READ
6565,READ
6566,READ
6567,READ
6568,READ
6569,READ
6570,READ
6571,READ
6572,READ
6573,READ
6574,READ
6575,READ
6576,READ
6577,READ
6578,READ
6579,READ
6580,READ
6581,READ
6582,READ
6583,READ
6584,READ
6585,READ
6586,READ
6587,READ
6588,READ
6589,READ
6590,READ
6591,READ
6592,READ
6593,READ
6594,READ
6595,READ
6596,READ
6597,READ
6598,READ
6599,READ
6600,READ
6601,SARC
6602,SARC
6603,SARC
6604,SARC
6605,SARC
6606,SARC
6607,SARC
6608,SARC
6609,SARC
6610,SARC
6611,SARC
6612,SARC
6613,SARC
6614,SARC
6615,SARC
6616,SARC
6617,SARC
6618,SARC
6619,SARC
6620,SARC
6621,SARC
6622,SARC
6623,SARC
6624,SARC
6625,SARC
6626,SARC
6627,SARC
6628,SARC
6629,SARC
6630,SARC
6631,SARC
6632,SARC
6633,SARC
6634,SARC
6635,SARC
6636,SARC
6637,SARC
6638,SARC
6639,SARC
6640,SARC
6641,SARC
6642,SARC
6643,SARC
6644,SARC
6645,SARC
6646,SARC
6647,SARC
6648,SARC
6649,SARC
6650,SARC
6651,SARC
6652,SARC
6653,SARC
6654,SARC
6655,SARC
6656,SARC
6657,SARC
6658,SARC
6659,SARC
6660,SARC
6661,SARC
6662,SARC
6663,SARC
6664,SARC
6665,SARC
6666,SARC
6667,SARC
6668,SARC
6669,SARC
6670,SARC
6671,SARC
6672,SARC
6673,SARC
6674,SARC
6675,SARC
6676,SARC
6677,SARC
6678,SARC
6679,SARC
6680,SARC
6681,SARC
6682,SARC
6683,SARC
6684,SARC
6685,SARC
6686,SARC
6687,SARC
6688,SARC
6689,SARC
6690,SARC
6691,SARC
6692,SARC
6693,SARC
6694,SARC
6695,SARC
6696,SARC
6697,SARC
6698,SARC
6699,SARC
6700,SARC
6701,SARC
6702,SARC
6703,SARC
6704,SARC
6705,SARC
6706,SARC
6707,SARC
6708,SARC
6709,SARC
6710,SARC
6711,SARC
6712,SARC
6713,SARC
6714,SARC
6715,SARC
6716,SARC
6717,SARC
6718,SARC
6719,SARC
6720,SARC
6721,SARC
6722,SARC
6723,SARC
6724,SARC
6725,SARC
6726,SARC
6727,SARC
6728,SARC
6729,SARC
6730,SARC
6731,SARC
6732,SARC
6733,SARC
6734,SARC
6735,SARC
6736,SARC
6737,SARC
6738,SARC
6739,SARC
6740,SARC
6741,SARC
6742,SARC
6743,SARC
6744,SARC
6745,SARC
6746,SARC
6747,SARC
6748,SARC
6749,SARC
6750,SARC
6751,SARC
6752,SARC
6753,SARC
6754,SARC
6755,SARC
6756,SARC
6757,SARC
6758,SARC
6759,SARC
6760,SARC
6761,SARC
6762,SARC
6763,SARC
6764,SARC
6765,SARC
6766,SARC
6767,SARC
6768,SARC
6769,SARC
6770,SARC
6771,SARC
6772,SARC
6773,SARC
6774,SARC
6775,SARC
6776,SARC
6777,SARC
6778,SARC
6779,SARC
6780,SARC
6781,SARC
6782,SARC
6783,SARC
6784,SARC
6785,SARC
6786,SARC
6787,SARC
6788,SARC
6789,SARC
6790,SARC
6791,SARC
6792,SARC
6793,SARC
6794,SARC
6795,SARC
6796,SARC
6797,SARC
6798,SARC
6799,SARC
6800,SARC
6801,SARC
6802,SARC
6803,SARC
6804,SARC
6805,SARC
6806,SARC
6807,SARC
6808,SARC
6809,SARC
6810,SARC
6811,SARC
6812,SARC
6813,SARC
6814,SARC
6815,SARC
6816,SARC
6817,SARC
6818,SARC
6819,SARC
6820,SARC
6821,SARC
6822,SARC
6823,SARC
6824,SARC
6825,SARC
6826,SARC
6827,SARC
6828,SARC
6829,SARC
6830,SARC
6831,SARC
6832,SARC
6833,SARC
6834,SARC
6835,SARC
6836,SARC
6837,SARC
6838,SARC
6839,SARC
6840,SARC
6841,SARC
6842,SARC
6843,SARC
6844,SARC
6845,SARC
6846,SARC
6847,SARC
6848,SARC
6849,SARC
6850,SARC
6851,SARC
6852,SARC
6853,SARC
6854,SARC
6855,SARC
6856,SARC
6857,SARC
6858,SARC
6859,SARC
6860,SARC
6861,SARC
6862,SKCM
6863,SKCM
6864,SKCM
6865,SKCM
6866,SKCM
6867,SKCM
6868,SKCM
6869,SKCM
6870,SKCM
6871,SKCM
6872,SKCM
6873,SKCM
6874,SKCM
6875,SKCM
6876,SKCM
6877,SKCM
6878,SKCM
6879,SKCM
6880,SKCM
6881,SKCM
6882,SKCM
6883,SKCM
6884,SKCM
6885,SKCM
6886,SKCM
6887,SKCM
6888,SKCM
6889,SKCM
6890,SKCM
6891,SKCM
6892,SKCM
6893,SKCM
6894,SKCM
6895,SKCM
6896,SKCM
6897,SKCM
6898,SKCM
6899,SKCM
6900,SKCM
6901,SKCM
6902,SKCM
6903,SKCM
6904,SKCM
6905,SKCM
6906,SKCM
6907,SKCM
6908,SKCM
6909,SKCM
6910,SKCM
6911,SKCM
6912,SKCM
6913,SKCM
6914,SKCM
6915,SKCM
6916,SKCM
6917,SKCM
6918,SKCM
6919,SKCM
6920,SKCM
6921,SKCM
6922,SKCM
6923,SKCM
6924,SKCM
6925,SKCM
6926,SKCM
6927,SKCM
6928,SKCM
6929,SKCM
6930,SKCM
6931,SKCM
6932,SKCM
6933,SKCM
6934,SKCM
6935,SKCM
6936,SKCM
6937,SKCM
6938,SKCM
6939,SKCM
6940,SKCM
6941,SKCM
6942,SKCM
6943,SKCM
6944,SKCM
6945,SKCM
6946,SKCM
6947,SKCM
6948,SKCM
6949,SKCM
6950,SKCM
6951,SKCM
6952,SKCM
6953,SKCM
6954,SKCM
6955,SKCM
6956,SKCM
6957,SKCM
6958,SKCM
6959,SKCM
6960,SKCM
6961,SKCM
6962,SKCM
6963,SKCM
6964,SKCM
6965,SKCM
6966,SKCM
6967,SKCM
6968,SKCM
6969,SKCM
6970,SKCM
6971,SKCM
6972,SKCM
6973,SKCM
6974,SKCM
6975,SKCM
6976,SKCM
6977,SKCM
6978,SKCM
6979,SKCM
6980,SKCM
6981,SKCM
6982,SKCM
6983,SKCM
6984,SKCM
6985,SKCM
6986,SKCM
6987,SKCM
6988,SKCM
6989,SKCM
6990,SKCM
6991,SKCM
6992,SKCM
6993,SKCM
6994,SKCM
6995,SKCM
6996,SKCM
6997,SKCM
6998,SKCM
6999,SKCM
7000,SKCM
7001,SKCM
7002,SKCM
7003,SKCM
7004,SKCM
7005,SKCM
7006,SKCM
7007,SKCM
7008,SKCM
7009,SKCM
7010,SKCM
7011,SKCM
7012,SKCM
7013,SKCM
7014,SKCM
7015,SKCM
7016,SKCM
7017,SKCM
7018,SKCM
7019,SKCM
7020,SKCM
7021,SKCM
7022,SKCM
7023,SKCM
7024,SKCM
7025,SKCM
7026,SKCM
7027,SKCM
7028,SKCM
7029,SKCM
7030,SKCM
7031,SKCM
7032,SKCM
7033,SKCM
7034,SKCM
7035,SKCM
7036,SKCM
7037,SKCM
7038,SKCM
7039,SKCM
7040,SKCM
7041,SKCM
7042,SKCM
7043,SKCM
7044,SKCM
7045,SKCM
7046,SKCM
7047,SKCM
7048,SKCM
7049,SKCM
7050,SKCM
7051,SKCM
7052,SKCM
7053,SKCM
7054,SKCM
7055,SKCM
7056,SKCM
7057,SKCM
7058,SKCM
7059,SKCM
7060,SKCM
7061,SKCM
7062,SKCM
7063,SKCM
7064,SKCM
7065,SKCM
7066,SKCM
7067,SKCM
7068,SKCM
7069,SKCM
7070,SKCM
7071,SKCM
7072,SKCM
7073,SKCM
7074,SKCM
7075,SKCM
7076,SKCM
7077,SKCM
7078,SKCM
7079,SKCM
7080,SKCM
7081,SKCM
7082,SKCM
7083,SKCM
7084,SKCM
7085,SKCM
7086,SKCM
7087,SKCM
7088,SKCM
7089,SKCM
7090,SKCM
7091,SKCM
7092,SKCM
7093,SKCM
7094,SKCM
7095,SKCM
7096,SKCM
7097,SKCM
7098,SKCM
7099,SKCM
7100,SKCM
7101,SKCM
7102,SKCM
7103,SKCM
7104,SKCM
7105,SKCM
7106,SKCM
7107,SKCM
7108,SKCM
7109,SKCM
7110,SKCM
7111,SKCM
7112,SKCM
7113,SKCM
7114,SKCM
7115,SKCM
7116,SKCM
7117,SKCM
7118,SKCM
7119,SKCM
7120,SKCM
7121,SKCM
7122,SKCM
7123,SKCM
7124,SKCM
7125,SKCM
7126,SKCM
7127,SKCM
7128,SKCM
7129,SKCM
7130,SKCM
7131,SKCM
7132,SKCM
7133,SKCM
7134,SKCM
7135,SKCM
7136,SKCM
7137,SKCM
7138,SKCM
7139,SKCM
7140,SKCM
7141,SKCM
7142,SKCM
7143,SKCM
7144,SKCM
7145,SKCM
7146,SKCM
7147,SKCM
7148,SKCM
7149,SKCM
7150,SKCM
7151,SKCM
7152,SKCM
7153,SKCM
7154,SKCM
7155,SKCM
7156,SKCM
7157,SKCM
7158,SKCM
7159,SKCM
7160,SKCM
7161,SKCM
7162,SKCM
7163,SKCM
7164,SKCM
7165,SKCM
7166,SKCM
7167,SKCM
7168,SKCM
7169,SKCM
7170,SKCM
7171,SKCM
7172,SKCM
7173,SKCM
7174,SKCM
7175,SKCM
7176,SKCM
7177,SKCM
7178,SKCM
7179,SKCM
7180,SKCM
7181,SKCM
7182,SKCM
7183,SKCM
7184,SKCM
7185,SKCM
7186,SKCM
7187,SKCM
7188,SKCM
7189,SKCM
7190,SKCM
7191,SKCM
7192,SKCM
7193,SKCM
7194,SKCM
7195,SKCM
7196,SKCM
7197,SKCM
7198,SKCM
7199,SKCM
7200,SKCM
7201,SKCM
7202,SKCM
7203,SKCM
7204,SKCM
7205,SKCM
7206,SKCM
7207,SKCM
7208,SKCM
7209,SKCM
7210,SKCM
7211,SKCM
7212,SKCM
7213,SKCM
7214,SKCM
7215,SKCM
7216,SKCM
7217,SKCM
7218,SKCM
7219,SKCM
7220,SKCM
7221,SKCM
7222,SKCM
7223,SKCM
7224,SKCM
7225,SKCM
7226,SKCM
7227,SKCM
7228,SKCM
7229,SKCM
7230,SKCM
7231,SKCM
7232,SKCM
7233,SKCM
7234,SKCM
7235,SKCM
7236,SKCM
7237,SKCM
7238,SKCM
7239,SKCM
7240,SKCM
7241,SKCM
7242,SKCM
7243,SKCM
7244,SKCM
7245,SKCM
7246,SKCM
7247,SKCM
7248,SKCM
7249,SKCM
7250,SKCM
7251,SKCM
7252,SKCM
7253,SKCM
7254,SKCM
7255,SKCM
7256,SKCM
7257,SKCM
7258,SKCM
7259,SKCM
7260,SKCM
7261,SKCM
7262,SKCM
7263,SKCM
7264,SKCM
7265,SKCM
7266,SKCM
7267,SKCM
7268,SKCM
7269,SKCM
7270,SKCM
7271,SKCM
7272,SKCM
7273,SKCM
7274,SKCM
7275,SKCM
7276,SKCM
7277,SKCM
7278,SKCM
7279,SKCM
7280,SKCM
7281,SKCM
7282,SKCM
7283,SKCM
7284,SKCM
7285,SKCM
7286,SKCM
7287,SKCM
7288,SKCM
7289,SKCM
7290,SKCM
7291,SKCM
7292,SKCM
7293,SKCM
7294,SKCM
7295,SKCM
7296,SKCM
7297,SKCM
7298,SKCM
7299,SKCM
7300,SKCM
7301,SKCM
7302,SKCM
7303,SKCM
7304,SKCM
7305,SKCM
7306,SKCM
7307,SKCM
7308,SKCM
7309,SKCM
7310,SKCM
7311,SKCM
7312,SKCM
7313,STAD
7314,STAD
7315,STAD
7316,STAD
7317,STAD
7318,STAD
7319,STAD
7320,STAD
7321,STAD
7322,STAD
7323,STAD
7324,STAD
7325,STAD
7326,STAD
7327,STAD
7328,STAD
7329,STAD
7330,STAD
7331,STAD
7332,STAD
7333,STAD
7334,STAD
7335,STAD
7336,STAD
7337,STAD
7338,STAD
7339,STAD
7340,STAD
7341,STAD
7342,STAD
7343,STAD
7344,STAD
7345,STAD
7346,STAD
7347,STAD
7348,STAD
7349,STAD
7350,STAD
7351,STAD
7352,STAD
7353,STAD
7354,STAD
7355,STAD
7356,STAD
7357,STAD
7358,STAD
7359,STAD
7360,STAD
7361,STAD
7362,STAD
7363,STAD
7364,STAD
7365,STAD
7366,STAD
7367,STAD
7368,STAD
7369,STAD
7370,STAD
7371,STAD
7372,STAD
7373,STAD
7374,STAD
7375,STAD
7376,STAD
7377,STAD
7378,STAD
7379,STAD
7380,STAD
7381,STAD
7382,STAD
7383,STAD
7384,STAD
7385,STAD
7386,STAD
7387,STAD
7388,STAD
7389,STAD
7390,STAD
7391,STAD
7392,STAD
7393,STAD
7394,STAD
7395,STAD
7396,STAD
7397,STAD
7398,STAD
7399,STAD
7400,STAD
7401,STAD
7402,STAD
7403,STAD
7404,STAD
7405,STAD
7406,STAD
7407,STAD
7408,STAD
7409,STAD
7410,STAD
7411,STAD
7412,STAD
7413,STAD
7414,STAD
7415,STAD
7416,STAD
7417,STAD
7418,STAD
7419,STAD
7420,STAD
7421,STAD
7422,STAD
7423,STAD
7424,STAD
7425,STAD
7426,STAD
7427,STAD
7428,STAD
7429,STAD
7430,STAD
7431,STAD
7432,STAD
7433,STAD
7434,STAD
7435,STAD
7436,STAD
7437,STAD
7438,STAD
7439,STAD
7440,STAD
7441,STAD
7442,STAD
7443,STAD
7444,STAD
7445,STAD
7446,STAD
7447,STAD
7448,STAD
7449,STAD
7450,STAD
7451,STAD
7452,STAD
7453,STAD
7454,STAD
7455,STAD
7456,STAD
7457,STAD
7458,STAD
7459,STAD
7460,STAD
7461,STAD
7462,STAD
7463,STAD
7464,STAD
7465,STAD
7466,STAD
7467,STAD
7468,STAD
7469,STAD
7470,STAD
7471,STAD
7472,STAD
7473,STAD
7474,STAD
7475,STAD
7476,STAD
7477,STAD
7478,STAD
7479,STAD
7480,STAD
7481,STAD
7482,STAD
7483,STAD
7484,STAD
7485,STAD
7486,STAD
7487,STAD
7488,STAD
7489,STAD
7490,STAD
7491,STAD
7492,STAD
7493,STAD
7494,STAD
7495,STAD
7496,STAD
7497,STAD
7498,STAD
7499,STAD
7500,STAD
7501,STAD
7502,STAD
7503,STAD
7504,STAD
7505,STAD
7506,STAD
7507,STAD
7508,STAD
7509,STAD
7510,STAD
7511,STAD
7512,STAD
7513,STAD
7514,STAD
7515,STAD
7516,STAD
7517,STAD
7518,STAD
7519,STAD
7520,STAD
7521,STAD
7522,STAD
7523,STAD
7524,STAD
7525,STAD
7526,STAD
7527,STAD
7528,STAD
7529,STAD
7530,STAD
7531,STAD
7532,STAD
7533,STAD
7534,STAD
7535,STAD
7536,STAD
7537,STAD
7538,STAD
7539,STAD
7540,STAD
7541,STAD
7542,STAD
7543,STAD
7544,STAD
7545,STAD
7546,STAD
7547,STAD
7548,STAD
7549,STAD
7550,STAD
7551,STAD
7552,STAD
7553,STAD
7554,STAD
7555,STAD
7556,STAD
7557,STAD
7558,STAD
7559,STAD
7560,STAD
7561,STAD
7562,STAD
7563,STAD
7564,STAD
7565,STAD
7566,STAD
7567,STAD
7568,STAD
7569,STAD
7570,STAD
7571,STAD
7572,STAD
7573,STAD
7574,STAD
7575,STAD
7576,STAD
7577,STAD
7578,STAD
7579,STAD
7580,STAD
7581,STAD
7582,STAD
7583,STAD
7584,STAD
7585,STAD
7586,STAD
7587,STAD
7588,STAD
7589,STAD
7590,STAD
7591,STAD
7592,STAD
7593,STAD
7594,STAD
7595,STAD
7596,STAD
7597,STAD
7598,STAD
7599,STAD
7600,STAD
7601,STAD
7602,STAD
7603,STAD
7604,STAD
7605,STAD
7606,STAD
7607,STAD
7608,STAD
7609,STAD
7610,STAD
7611,STAD
7612,STAD
7613,STAD
7614,STAD
7615,STAD
7616,STAD
7617,STAD
7618,STAD
7619,STAD
7620,STAD
7621,STAD
7622,STAD
7623,STAD
7624,STAD
7625,STAD
7626,STAD
7627,STAD
7628,STAD
7629,STAD
7630,STAD
7631,STAD
7632,STAD
7633,STAD
7634,STAD
7635,STAD
7636,STAD
7637,STAD
7638,STAD
7639,STAD
7640,STAD
7641,STAD
7642,STAD
7643,STAD
7644,STAD
7645,STAD
7646,STAD
7647,STAD
7648,STAD
7649,STAD
7650,STAD
7651,STAD
7652,STAD
7653,STAD
7654,STAD
7655,STAD
7656,STAD
7657,STAD
7658,STAD
7659,STAD
7660,STAD
7661,STAD
7662,STAD
7663,STAD
7664,STAD
7665,STAD
7666,STAD
7667,STAD
7668,STAD
7669,STAD
7670,STAD
7671,STAD
7672,STAD
7673,STAD
7674,STAD
7675,STAD
7676,STAD
7677,STAD
7678,STAD
7679,STAD
7680,STAD
7681,STAD
7682,STAD
7683,STAD
7684,STAD
7685,STAD
7686,STAD
7687,STAD
7688,STAD
7689,STAD
7690,STAD
7691,STAD
7692,STAD
7693,STAD
7694,STAD
7695,STAD
7696,STAD
7697,STAD
7698,STAD
7699,STAD
7700,STAD
7701,STAD
7702,STAD
7703,STAD
7704,STAD
7705,STAD
7706,STAD
7707,STAD
7708,STAD
7709,STAD
7710,STAD
7711,STAD
7712,STAD
7713,STAD
7714,STAD
7715,STAD
7716,STAD
7717,STAD
7718,TGCT
7719,TGCT
7720,TGCT
7721,TGCT
7722,TGCT
7723,TGCT
7724,TGCT
7725,TGCT
7726,TGCT
7727,TGCT
7728,TGCT
7729,TGCT
7730,TGCT
7731,TGCT
7732,TGCT
7733,TGCT
7734,TGCT
7735,TGCT
7736,TGCT
7737,TGCT
7738,TGCT
7739,TGCT
7740,TGCT
7741,TGCT
7742,TGCT
7743,TGCT
7744,TGCT
7745,TGCT
7746,TGCT
7747,TGCT
7748,TGCT
7749,TGCT
7750,TGCT
7751,TGCT
7752,TGCT
7753,TGCT
7754,TGCT
7755,TGCT
7756,TGCT
7757,TGCT
7758,TGCT
7759,TGCT
7760,TGCT
7761,TGCT
7762,TGCT
7763,TGCT
7764,TGCT
7765,TGCT
7766,TGCT
7767,TGCT
7768,TGCT
7769,TGCT
7770,TGCT
7771,TGCT
7772,TGCT
7773,TGCT
7774,TGCT
7775,TGCT
7776,TGCT
7777,TGCT
7778,TGCT
7779,TGCT
7780,TGCT
7781,TGCT
7782,TGCT
7783,TGCT
7784,TGCT
7785,TGCT
7786,TGCT
7787,TGCT
7788,TGCT
7789,TGCT
7790,TGCT
7791,TGCT
7792,TGCT
7793,TGCT
7794,TGCT
7795,TGCT
7796,TGCT
7797,TGCT
7798,TGCT
7799,TGCT
7800,TGCT
7801,TGCT
7802,TGCT
7803,TGCT
7804,TGCT
7805,TGCT
7806,TGCT
7807,TGCT
7808,TGCT
7809,TGCT
7810,TGCT
7811,TGCT
7812,TGCT
7813,TGCT
7814,TGCT
7815,TGCT
7816,TGCT
7817,TGCT
7818,TGCT
7819,TGCT
7820,TGCT
7821,TGCT
7822,TGCT
7823,TGCT
7824,TGCT
7825,TGCT
7826,TGCT
7827,TGCT
7828,TGCT
7829,TGCT
7830,TGCT
7831,TGCT
7832,TGCT
7833,TGCT
7834,TGCT
7835,TGCT
7836,TGCT
7837,TGCT
7838,TGCT
7839,TGCT
7840,TGCT
7841,TGCT
7842,TGCT
7843,TGCT
7844,TGCT
7845,TGCT
7846,TGCT
7847,TGCT
7848,TGCT
7849,TGCT
7850,TGCT
7851,TGCT
7852,TGCT
7853,TGCT
7854,TGCT
7855,TGCT
7856,TGCT
7857,TGCT
7858,TGCT
7859,TGCT
7860,TGCT
7861,TGCT
7862,TGCT
7863,TGCT
7864,TGCT
7865,TGCT
7866,TGCT
7867,TGCT
7868,TGCT
7869,TGCT
7870,TGCT
7871,TGCT
7872,TGCT
7873,TGCT
7874,THCA
7875,THCA
7876,THCA
7877,THCA
7878,THCA
7879,THCA
7880,THCA
7881,THCA
7882,THCA
7883,THCA
7884,THCA
7885,THCA
7886,THCA
7887,THCA
7888,THCA
7889,THCA
7890,THCA
7891,THCA
7892,THCA
7893,THCA
7894,THCA
7895,THCA
7896,THCA
7897,THCA
7898,THCA
7899,THCA
7900,THCA
7901,THCA
7902,THCA
7903,THCA
7904,THCA
7905,THCA
7906,THCA
7907,THCA
7908,THCA
7909,THCA
7910,THCA
7911,THCA
7912,THCA
7913,THCA
7914,THCA
7915,THCA
7916,THCA
7917,THCA
7918,THCA
7919,THCA
7920,THCA
7921,THCA
7922,THCA
7923,THCA
7924,THCA
7925,THCA
7926,THCA
7927,THCA
7928,THCA
7929,THCA
7930,THCA
7931,THCA
7932,THCA
7933,THCA
7934,THCA
7935,THCA
7936,THCA
7937,THCA
7938,THCA
7939,THCA
7940,THCA
7941,THCA
7942,THCA
7943,THCA
7944,THCA
7945,THCA
7946,THCA
7947,THCA
7948,THCA
7949,THCA
7950,THCA
7951,THCA
7952,THCA
7953,THCA
7954,THCA
7955,THCA
7956,THCA
7957,THCA
7958,THCA
7959,THCA
7960,THCA
7961,THCA
7962,THCA
7963,THCA
7964,THCA
7965,THCA
7966,THCA
7967,THCA
7968,THCA
7969,THCA
7970,THCA
7971,THCA
7972,THCA
7973,THCA
7974,THCA
7975,THCA
7976,THCA
7977,THCA
7978,THCA
7979,THCA
7980,THCA
7981,THCA
7982,THCA
7983,THCA
7984,THCA
7985,THCA
7986,THCA
7987,THCA
7988,THCA
7989,THCA
7990,THCA
7991,THCA
7992,THCA
7993,THCA
7994,THCA
7995,THCA
7996,THCA
7997,THCA
7998,THCA
7999,THCA
8000,THCA
8001,THCA
8002,THCA
8003,THCA
8004,THCA
8005,THCA
8006,THCA
8007,THCA
8008,THCA
8009,THCA
8010,THCA
8011,THCA
8012,THCA
8013,THCA
8014,THCA
8015,THCA
8016,THCA
8017,THCA
8018,THCA
8019,THCA
8020,THCA
8021,THCA
8022,THCA
8023,THCA
8024,THCA
8025,THCA
8026,THCA
8027,THCA
8028,THCA
8029,THCA
8030,THCA
8031,THCA
8032,THCA
8033,THCA
8034,THCA
8035,THCA
8036,THCA
8037,THCA
8038,THCA
8039,THCA
8040,THCA
8041,THCA
8042,THCA
8043,THCA
8044,THCA
8045,THCA
8046,THCA
8047,THCA
8048,THCA
8049,THCA
8050,THCA
8051,THCA
8052,THCA
8053,THCA
8054,THCA
8055,THCA
8056,THCA
8057,THCA
8058,THCA
8059,THCA
8060,THCA
8061,THCA
8062,THCA
8063,THCA
8064,THCA
8065,THCA
8066,THCA
8067,THCA
8068,THCA
8069,THCA
8070,THCA
8071,THCA
8072,THCA
8073,THCA
8074,THCA
8075,THCA
8076,THCA
8077,THCA
8078,THCA
8079,THCA
8080,THCA
8081,THCA
8082,THCA
8083,THCA
8084,THCA
8085,THCA
8086,THCA
8087,THCA
8088,THCA
8089,THCA
8090,THCA
8091,THCA
8092,THCA
8093,THCA
8094,THCA
8095,THCA
8096,THCA
8097,THCA
8098,THCA
8099,THCA
8100,THCA
8101,THCA
8102,THCA
8103,THCA
8104,THCA
8105,THCA
8106,THCA
8107,THCA
8108,THCA
8109,THCA
8110,THCA
8111,THCA
8112,THCA
8113,THCA
8114,THCA
8115,THCA
8116,THCA
8117,THCA
8118,THCA
8119,THCA
8120,THCA
8121,THCA
8122,THCA
8123,THCA
8124,THCA
8125,THCA
8126,THCA
8127,THCA
8128,THCA
8129,THCA
8130,THCA
8131,THCA
8132,THCA
8133,THCA
8134,THCA
8135,THCA
8136,THCA
8137,THCA
8138,THCA
8139,THCA
8140,THCA
8141,THCA
8142,THCA
8143,THCA
8144,THCA
8145,THCA
8146,THCA
8147,THCA
8148,THCA
8149,THCA
8150,THCA
8151,THCA
8152,THCA
8153,THCA
8154,THCA
8155,THCA
8156,THCA
8157,THCA
8158,THCA
8159,THCA
8160,THCA
8161,THCA
8162,THCA
8163,THCA
8164,THCA
8165,THCA
8166,THCA
8167,THCA
8168,THCA
8169,THCA
8170,THCA
8171,THCA
8172,THCA
8173,THCA
8174,THCA
8175,THCA
8176,THCA
8177,THCA
8178,THCA
8179,THCA
8180,THCA
8181,THCA
8182,THCA
8183,THCA
8184,THCA
8185,THCA
8186,THCA
8187,THCA
8188,THCA
8189,THCA
8190,THCA
8191,THCA
8192,THCA
8193,THCA
8194,THCA
8195,THCA
8196,THCA
8197,THCA
8198,THCA
8199,THCA
8200,THCA
8201,THCA
8202,THCA
8203,THCA
8204,THCA
8205,THCA
8206,THCA
8207,THCA
8208,THCA
8209,THCA
8210,THCA
8211,THCA
8212,THCA
8213,THCA
8214,THCA
8215,THCA
8216,THCA
8217,THCA
8218,THCA
8219,THCA
8220,THCA
8221,THCA
8222,THCA
8223,THCA
8224,THCA
8225,THCA
8226,THCA
8227,THCA
8228,THCA
8229,THCA
8230,THCA
8231,THCA
8232,THCA
8233,THCA
8234,THCA
8235,THCA
8236,THCA
8237,THCA
8238,THCA
8239,THCA
8240,THCA
8241,THCA
8242,THCA
8243,THCA
8244,THCA
8245,THCA
8246,THCA
8247,THCA
8248,THCA
8249,THCA
8250,THCA
8251,THCA
8252,THCA
8253,THCA
8254,THCA
8255,THCA
8256,THCA
8257,THCA
8258,THCA
8259,THCA
8260,THCA
8261,THCA
8262,THCA
8263,THCA
8264,THCA
8265,THCA
8266,THCA
8267,THCA
8268,THCA
8269,THCA
8270,THCA
8271,THCA
8272,THCA
8273,THCA
8274,THCA
8275,THCA
8276,THCA
8277,THCA
8278,THCA
8279,THCA
8280,THCA
8281,THCA
8282,THCA
8283,THCA
8284,THCA
8285,THCA
8286,THCA
8287,THCA
8288,THCA
8289,THCA
8290,THCA
8291,THCA
8292,THCA
8293,THCA
8294,THCA
8295,THCA
8296,THCA
8297,THCA
8298,THCA
8299,THCA
8300,THCA
8301,THCA
8302,THCA
8303,THCA
8304,THCA
8305,THCA
8306,THCA
8307,THCA
8308,THCA
8309,THCA
8310,THCA
8311,THCA
8312,THCA
8313,THCA
8314,THCA
8315,THCA
8316,THCA
8317,THCA
8318,THCA
8319,THCA
8320,THCA
8321,THCA
8322,THCA
8323,THCA
8324,THCA
8325,THCA
8326,THCA
8327,THCA
8328,THCA
8329,THCA
8330,THCA
8331,THCA
8332,THCA
8333,THCA
8334,THCA
8335,THCA
8336,THCA
8337,THCA
8338,THCA
8339,THCA
8340,THCA
8341,THCA
8342,THCA
8343,THCA
8344,THCA
8345,THCA
8346,THCA
8347,THCA
8348,THCA
8349,THCA
8350,THCA
8351,THCA
8352,THCA
8353,THCA
8354,THCA
8355,THCA
8356,THCA
8357,THCA
8358,THCA
8359,THCA
8360,THCA
8361,THCA
8362,THCA
8363,THCA
8364,THCA
8365,THCA
8366,THCA
8367,THCA
8368,THCA
8369,THCA
8370,THCA
8371,THCA
8372,THCA
8373,THCA
8374,THCA
8375,THCA
8376,THCA
8377,THCA
8378,THCA
8379,THCA
8380,THCA
8381,THCA
8382,THCA
8383,THCA
8384,THCA
8385,THCA
8386,THCA
8387,THCA
8388,THCA
8389,THCA
8390,THCA
8391,THCA
8392,THCA
8393,THCA
8394,THCA
8395,THCA
8396,THCA
8397,THCA
8398,THCA
8399,THCA
8400,THCA
8401,THCA
8402,THCA
8403,THCA
8404,THCA
8405,THCA
8406,THCA
8407,THCA
8408,THCA
8409,THCA
8410,THCA
8411,THCA
8412,THCA
8413,THCA
8414,THCA
8415,THCA
8416,THCA
8417,THCA
8418,THCA
8419,THCA
8420,THCA
8421,THCA
8422,THCA
8423,THCA
8424,THCA
8425,THCA
8426,THCA
8427,THCA
8428,THCA
8429,THCA
8430,THCA
8431,THCA
8432,THCA
8433,THCA
8434,THCA
8435,THCA
8436,THCA
8437,THCA
8438,THCA
8439,THCA
8440,THCA
8441,THYM
8442,THYM
8443,THYM
8444,THYM
8445,THYM
8446,THYM
8447,THYM
8448,THYM
8449,THYM
8450,THYM
8451,THYM
8452,THYM
8453,THYM
8454,THYM
8455,THYM
8456,THYM
8457,THYM
8458,THYM
8459,THYM
8460,THYM
8461,THYM
8462,THYM
8463,THYM
8464,THYM
8465,THYM
8466,THYM
8467,THYM
8468,THYM
8469,THYM
8470,THYM
8471,THYM
8472,THYM
8473,THYM
8474,THYM
8475,THYM
8476,THYM
8477,THYM
8478,THYM
8479,THYM
8480,THYM
8481,THYM
8482,THYM
8483,THYM
8484,THYM
8485,THYM
8486,THYM
8487,THYM
8488,THYM
8489,THYM
8490,THYM
8491,THYM
8492,THYM
8493,THYM
8494,THYM
8495,THYM
8496,THYM
8497,THYM
8498,THYM
8499,THYM
8500,THYM
8501,THYM
8502,THYM
8503,THYM
8504,THYM
8505,THYM
8506,THYM
8507,THYM
8508,THYM
8509,THYM
8510,THYM
8511,THYM
8512,THYM
8513,THYM
8514,THYM
8515,THYM
8516,THYM
8517,THYM
8518,THYM
8519,THYM
8520,THYM
8521,THYM
8522,THYM
8523,THYM
8524,THYM
8525,THYM
8526,THYM
8527,THYM
8528,THYM
8529,THYM
8530,THYM
8531,THYM
8532,THYM
8533,THYM
8534,THYM
8535,THYM
8536,THYM
8537,THYM
8538,THYM
8539,THYM
8540,THYM
8541,THYM
8542,THYM
8543,THYM
8544,THYM
8545,THYM
8546,THYM
8547,THYM
8548,THYM
8549,THYM
8550,THYM
8551,THYM
8552,THYM
8553,THYM
8554,THYM
8555,THYM
8556,THYM
8557,THYM
8558,THYM
8559,THYM
8560,THYM
8561,THYM
8562,THYM
8563,UCEC
8564,UCEC
8565,UCEC
8566,UCEC
8567,UCEC
8568,UCEC
8569,UCEC
8570,UCEC
8571,UCEC
8572,UCEC
8573,UCEC
8574,UCEC
8575,UCEC
8576,UCEC
8577,UCEC
8578,UCEC
8579,UCEC
8580,UCEC
8581,UCEC
8582,UCEC
8583,UCEC
8584,UCEC
8585,UCEC
8586,UCEC
8587,UCEC
8588,UCEC
8589,UCEC
8590,UCEC
8591,UCEC
8592,UCEC
8593,UCEC
8594,UCEC
8595,UCEC
8596,UCEC
8597,UCEC
8598,UCEC
8599,UCEC
8600,UCEC
8601,UCEC
8602,UCEC
8603,UCEC
8604,UCEC
8605,UCEC
8606,UCEC
8607,UCEC
8608,UCEC
8609,UCEC
8610,UCEC
8611,UCEC
8612,UCEC
8613,UCEC
8614,UCEC
8615,UCEC
8616,UCEC
8617,UCEC
8618,UCEC
8619,UCEC
8620,UCEC
8621,UCEC
8622,UCEC
8623,UCEC
8624,UCEC
8625,UCEC
8626,UCEC
8627,UCEC
8628,UCEC
8629,UCEC
8630,UCEC
8631,UCEC
8632,UCEC
8633,UCEC
8634,UCEC
8635,UCEC
8636,UCEC
8637,UCEC
8638,UCEC
8639,UCEC
8640,UCEC
8641,UCEC
8642,UCEC
8643,UCEC
8644,UCEC
8645,UCEC
8646,UCEC
8647,UCEC
8648,UCEC
8649,UCEC
8650,UCEC
8651,UCEC
8652,UCEC
8653,UCEC
8654,UCEC
8655,UCEC
8656,UCEC
8657,UCEC
8658,UCEC
8659,UCEC
8660,UCEC
8661,UCEC
8662,UCEC
8663,UCEC
8664,UCEC
8665,UCEC
8666,UCEC
8667,UCEC
8668,UCEC
8669,UCEC
8670,UCEC
8671,UCEC
8672,UCEC
8673,UCEC
8674,UCEC
8675,UCEC
8676,UCEC
8677,UCEC
8678,UCEC
8679,UCEC
8680,UCEC
8681,UCEC
8682,UCEC
8683,UCEC
8684,UCEC
8685,UCEC
8686,UCEC
8687,UCEC
8688,UCEC
8689,UCEC
8690,UCEC
8691,UCEC
8692,UCEC
8693,UCEC
8694,UCEC
8695,UCEC
8696,UCEC
8697,UCEC
8698,UCEC
8699,UCEC
8700,UCEC
8701,UCEC
8702,UCEC
8703,UCEC
8704,UCEC
8705,UCEC
8706,UCEC
8707,UCEC
8708,UCEC
8709,UCEC
8710,UCEC
8711,UCEC
8712,UCEC
8713,UCEC
8714,UCEC
8715,UCEC
8716,UCEC
8717,UCEC
8718,UCEC
8719,UCEC
8720,UCEC
8721,UCEC
8722,UCEC
8723,UCEC
8724,UCEC
8725,UCEC
8726,UCEC
8727,UCEC
8728,UCEC
8729,UCEC
8730,UCEC
8731,UCEC
8732,UCEC
8733,UCEC
8734,UCEC
8735,UCEC
8736,UCEC
8737,UCEC
8738,UCEC
8739,UCEC
8740,UCEC
8741,UCEC
8742,UCEC
8743,UCEC
8744,UCEC
8745,UCEC
8746,UCEC
8747,UCEC
8748,UCEC
8749,UCEC
8750,UCEC
8751,UCEC
8752,UCEC
8753,UCEC
8754,UCEC
8755,UCEC
8756,UCEC
8757,UCEC
8758,UCEC
8759,UCEC
8760,UCS
8761,UCS
8762,UCS
8763,UCS
8764,UCS
8765,UCS
8766,UCS
8767,UCS
8768,UCS
8769,UCS
8770,UCS
8771,UCS
8772,UCS
8773,UCS
8774,UCS
8775,UCS
8776,UCS
8777,UCS
8778,UCS
8779,UCS
8780,UCS
8781,UCS
8782,UCS
8783,UCS
8784,UCS
8785,UCS
8786,UCS
8787,UCS
8788,UCS
8789,UCS
8790,UCS
8791,UCS
8792,UCS
8793,UCS
8794,UCS
8795,UCS
8796,UCS
8797,UCS
8798,UCS
8799,UCS
8800,UCS
8801,UCS
8802,UCS
8803,UCS
8804,UCS
8805,UCS
8806,UCS
8807,UCS
8808,UCS
8809,UCS
8810,UCS
8811,UCS
8812,UCS
8813,UCS
8814,UCS
8815,UCS
8816,UVM
8817,UVM
8818,UVM
8819,UVM
8820,UVM
8821,UVM
8822,UVM
8823,UVM
8824,UVM
8825,UVM
8826,UVM
8827,UVM
8828,UVM
8829,UVM
8830,UVM
8831,UVM
8832,UVM
8833,UVM
8834,UVM
8835,UVM
8836,UVM
8837,UVM
8838,UVM
8839,UVM
8840,UVM
8841,UVM
8842,UVM
8843,UVM
8844,UVM
8845,UVM
8846,UVM
8847,UVM
8848,UVM
8849,UVM
8850,UVM
8851,UVM
8852,UVM
8853,UVM
8854,UVM
8855,UVM
8856,UVM
8857,UVM
8858,UVM
8859,UVM
8860,UVM
8861,UVM
8862,UVM
8863,UVM
8864,UVM
8865,UVM
8866,UVM
8867,UVM
8868,UVM
8869,UVM
8870,UVM
8871,UVM
8872,UVM
8873,UVM
8874,UVM
8875,UVM
8876,UVM
8877,UVM
8878,UVM
8879,UVM
8880,UVM
8881,UVM
8882,UVM
8883,UVM
8884,UVM
8885,UVM
8886,UVM
8887,UVM
8888,UVM
8889,UVM
8890,UVM
8891,UVM
8892,UVM
8893,UVM
8894,UVM
8895,UVM
